:10000000C0280020AD2900009B9000009929000025
:10001000992900009929000099290000000000009A
:10002000000000000000000000000000252B000080
:100030009929000000000000BD2A00009929000055
:10004000112D0000112D0000112D0000112D0000B8
:10005000112D0000112D0000112D0000112D0000A8
:10006000112D0000112D0000112D0000112D000098
:10007000112D0000112D0000112D0000112D000088
:10008000112D0000112D0000112D0000112D000078
:10009000112D0000112D0000112D0000112D000068
:1000A000112D0000112D0000112D0000112D000058
:1000B000112D0000112D0000112D0000112D000048
:1000C000112D0000112D0000112D0000112D000038
:1000D000112D0000112D0000112D0000112D000028
:1000E000112D0000112D0000112D0000112D000018
:1000F000112D0000112D0000112D0000112D000008
:1001000053B94AB9002908BF00281CBF4FF0FF317E
:100110004FF0FF3000F00CB8ADF1080C6DE904CEE3
:1001200000F010F8DDF804E0DDE9022304B07047C8
:10013000704700BF034613F8012B002AFBD1181AA1
:10014000013870472DE9F04786468C460846089EE0
:10015000154674461946002B40F0C2808542B2FA1B
:1001600082F245D94AB1C2F1200300FA02FC2EFA0C
:1001700003F3954043EA0C0C94404FEA154EA8B2A5
:10018000BCFBFEF8230C0EFB18CC08FB00F943EA7D
:100190000C43994528D9EB1808F1FF3704D299454B
:1001A00002D9A8F102072B44A3EB0903A4B2B3FBC5
:1001B000FEFC0EFB1C330CFB00F044EA0344A0429F
:1001C00014D92C190CF1FF3304D2A04202D9ACF19E
:1001D00002032C44241A43EA07401EB1D4400023F2
:1001E00034607360BDE8F0874746DDE76346F1E7BA
:1001F00092BB431B01214FEA154EAFB2B3FBFEFC8D
:10020000200C0EFB1C330CFB07F840EA0343984517
:1002100062D9EB180CF1FF3004D2984502D9ACF149
:1002200002002B44A3EB0803A4B2B3FBFEFC0EFBBD
:100230001C330CFB07F744EA0344A7424ED92C19A0
:100240000CF1FF3304D2A74202D9ACF102032C44D3
:10025000E41B43EA0040C0E7C2F1200320FA03F1A7
:10026000954090402EFA03F303434FEA154EAFB288
:10027000B1FBFEFC0EFB1C10190C0CFB07F841EA4D
:100280000041884504FA02F422D969180CF1FF30C4
:1002900004D2884502D9ACF102002944A1EB08013F
:1002A0009BB2B1FBFEFC0EFB1C110CFB07F743EAF3
:1002B00001439F420ED9EB180CF1FF3104D29F424B
:1002C00002D9ACF102012B44DB1B41EA004192E769
:1002D0006046E3E76146F7E76046A3E76346B7E7B2
:1002E000834206D916B9002108467BE7C6E900E03B
:1002F000F9E7B3FA83F78FB9834201D3724508D87F
:10030000BEEB020460EB030301209C461EB90021F2
:1003100068E73846FAE7C6E9004CF8E7C7F1200C71
:10032000BB4022FA0CF41C432EFA0CF120FA0CF319
:10033000B84001434FEA14490EFA07F5B3FBF9F848
:100340001FFA84FE09FB18300B0C08FB0EFA43EA77
:1003500000439A4502FA07F240D9E31808F1FF304A
:1003600004D29A4502D9A8F102002344A3EB0A0360
:1003700089B2B3FBF9F809FB183308FB0EFE41EA1A
:1003800003418E452CD9611808F1FF3304D28E4504
:1003900002D9A8F10203214443EA0040A0FB0298DD
:1003A000A1EB0E014145CE46434602D306D14D4551
:1003B00004D2B9EB020E68EB04030138002EA6D07C
:1003C000B5EB0E0261EB030101FA0CFC22FA07F314
:1003D0004CEA0303F940C6E9003198E74046C5E717
:1003E0004346D9E700F01F02400908D0012809D18F
:1003F000054BD3F81005D04000F0010070474FF0D6
:10040000A043F6E70023F4E70003005008B5021EFE
:1004100018BF01220921024807F01AFE08BD00BFDB
:10042000E4B2000008B5064A064B9A4206D01920ED
:10043000FFF7D8FF003818BF012008BD3920F7E7C3
:10044000E4B20000D0B200002DE9F04784B002AF62
:100450006E480AF044FB002834D06C480AF03FFB99
:10046000824678B34FF4B011694807F0BAFD0446EC
:1004700080BB4FF48031674807F0B3FD0446002885
:1004800033D1654C654A0321204608F004FD644AD7
:100490000321204608F0FFFC4FF001035B49614A4D
:1004A000914201D04FF00003DBB2092200925E4A74
:1004B0000321594808F004FD4FF00009C8464FF0E9
:1004C000FF3663E0594A0121534808F0E4FC6FF01D
:1004D000120405E00346564A01214F4808F0E5FCA6
:1004E00020460837BD46BDE8F0870346514A012142
:1004F000494808F0DAFCF3E7B9F1000F03D0FFF741
:1005000091FF044648E023464B4A0221424808F046
:10051000CCFCD146F3E7494843E06FF0004C4CE097
:1005200000233B7002237B70002A4ED1BCF10D0FDB
:100530005EDD0E2342B10320387100207871B8715E
:100540000120F871786808616FF300056FF34105C9
:100550006FF382056FF3C505032161F38815C3F3BB
:100560000A0363F353256FF31F55002329462A48D6
:1005700001F024F9B5462646002C3CD00120FFF7B7
:1005800045FF40F2676000210AF009FD19211F486C
:1005900007F03EFD041EAFDBB442EDD0002CBAD014
:1005A00027486E4600233B7102237B7188B002A965
:1005B00011F11002B1D04FF00E0C002AB0D0BCF1F6
:1005C000040FADDD1F4B4B61AAE7BCF1080F00DD46
:1005D000886101F11C03002007E000F1080EBE4411
:1005E0001EF808EC03F801EB01300128F5D99DE76E
:1005F0006FF01B039EE788F001084046FFF706FFF7
:1006000041F69A1000210AF0CAFCBFE7E4B20000EC
:1006100054B700004CB700003CB5000080B60000A5
:10062000A0B60000D0B20000E4B6000014B600008E
:100630003CB600005CB6000000B7000000B6000049
:10064000E8B500003CB700002DE9F04F91B00592ED
:100650000293134602F004020092C3F3C20210F0A8
:100660000303019340F02B8280468A460132041D29
:1006700000284FD0B8F1000F05D0A4EB08030433D5
:10068000534500F21F82029B5D1E019B049306935B
:10069000039300264FF0FF3B0427B946B8F1000F43
:1006A00001D0029B2360531E0793002A40F35D8113
:1006B000059B13F0020228D00120A4EB08018B084F
:1006C0001AB1B1F5007F80F0038203990F2900F27F
:1006D0000282B8F1000F00F06081DBB201F140024C
:1006E0006A4402F8103C02F820BC002800F0518156
:1006F00063F07F0301F140026A4402F8103C049B5E
:1007000001330493039B0133039304340022CC464A
:1007100040463DE001F0070A5444CAF1080AA9E73F
:10072000002634E0002632E0002630E00827BC46F0
:100730002DE025292BD10BF1010B01260427BC4606
:1007400025E04729EED82A2914D32A39C9B24FF017
:10075000010E0EFA01F14FF6DA7E11EA0E0F16D1F4
:1007600011F0625F40F0C08011F0010F40F08C800A
:1007700000260CE0252903D10BF1FF3B002606E003
:1007800001D9002603E0202901D02329CCD11D4620
:100790006B1C6978002900F01981002EC9D07A29D4
:1007A000BED84C29CDD34C392E2961D80FF2040E76
:1007B0005EF821F08F07000071080000710800004A
:1007C0007108000071080000710800007108000045
:1007D0007108000071080000710800007108000035
:1007E0007108000081080000710800007108000015
:1007F0007108000071080000710800007108000015
:100800007108000071080000E9080000710800008C
:100810008108000081080000E9080000E9080000E4
:10082000E90800008F070000810800002D07000084
:10083000710800008F0700007108000045090000E2
:1008400081080000450900007108000071080000DF
:100850004D0900007B0800008108000071080000BD
:100860007108000081080000710800007508000090
:1008700000268CE70427BC4689E70427BC4686E7A8
:1008800029786C2924D000263C44013CB4FBF7F4C1
:1008900007FB04F420B1211A6144514500F215818F
:1008A000002A58D1BCF1040F00F08880BCF1080F79
:1008B00040F014811A99073121F0070101F1080570
:1008C0001A95D1E9008908B1C4E9008908345EE7C6
:1008D00013F8021C6C2903D000260427BC46D3E77A
:1008E00000260827BC46CFE729784C291AD01A9948
:1008F000073121F0070101F108061A96D1E90067D6
:10090000073424F0070440B1211A0831514513D8A7
:1009100029784C2913D0C4E9006708340026082739
:10092000BC4634E71A99073121F0070101F10806A6
:100930001A96D1E90067E3E76FF01B00BCE0C4E959
:100940000067EAE700260427BC469DE732460026FA
:100950000427BC4698E7E14680461A9A111D1A9171
:1009600012680292079A1D4698E6624B029A9A42D2
:1009700004D3614B9A420AD3002300E00023002BEA
:100980007FF496AE059B03F00202002095E601235A
:10099000F5E7069B01330693B4E610B10AF1010AAC
:1009A000B0E6009B13B10AF1020AABE60298FFF72A
:1009B000C1FB0AEB000303F1020AA3E61A990D1D1D
:1009C0001A95096800B121600434E0E68046231AD4
:1009D000B3F5806F80F0858090B1002202609B08A3
:1009E0000370009B83B1069BC370049B88F80230A0
:1009F0001BBB019DDDF80C90DDF810B0029F3DE0BF
:100A00005344A3F1080057E0069B4370EDE7013320
:100A10009842EED903F140026A4412F8101C12F910
:100A2000102C002AF3DA01F07F01A4EB0802013256
:100A3000524559D804F8011BE9E7019B0398E7E701
:100A4000009B43B305F140036B4413F8203C04F8CA
:100A5000013B019EA4EB080333440133534546D8C0
:100A600005F140036B4413F8103C04F8013B324697
:100A7000394620460AF04BFB34440135A94519D9C3
:100A8000BBF1000FDCD005F140036B4413F9103CBF
:100A9000002BD5DAF1E705F140036B4413F8103C65
:100AA00058F82370002248F823203846FFF742FB0D
:100AB000461CCFE7A4EB080011B0BDE8F08F6FF043
:100AC0000D00F9E76FF01B00F6E76FF01B00F3E78E
:100AD0006FF01500F0E76FF01500EDE76FF015000F
:100AE000EAE76FF01500E7E76FF01B00E4E76FF04F
:100AF0001B00E1E744B20000FCC600002DE9F04F06
:100B000097B000AF8346BA613B61D7F88030C3F33A
:100B1000C0033B62F96011B907F0CAFBF8609BF8AB
:100B20000260B14636B1D7F8803013F0010F0DD115
:100B3000002300E000239BF803207A6242B1D7F83B
:100B4000802012F0020F22D1002202E00123F2E7FE
:100B5000002202B9EBB19BF80050AA00BA60DBF8A2
:100B600004207A610BEB8505BA69F2B1002B40F0E5
:100B70000481B9F1000F00F00F81D7F8803013F035
:100B8000040F40F00D810020F8610646F9E00122D3
:100B9000DFE7BB691BB13A69F96858469847FC68BA
:100BA00020465C37BD46BDE8F08FFC68E3B94D4494
:100BB00000233B6123E00444013501364E451AD23F
:100BC0002A7800235BF822201946B86907F085FBD4
:100BD000BAF1000FEFD0D7F888309845EBD22AF859
:100BE000180008F10108E6E70026C7F81C80B046A7
:100BF000D7F884A0E2E7C7F81080D7F81C80D7F8B0
:100C0000803003F00503FB604FF0000AA146C7F8EF
:100C10001CB09CE000253B6A7BB9002D79D0D7F849
:100C2000803013F0010F79D1FB68002B6FD10223C4
:100C3000A9EB030988E00125EDE75946786907F03B
:100C400092FB0028E9D06C46002387F82C30022361
:100C500087F82D308AB0694611F1100237D012257D
:100C60001AB1042D01DDB34B4B61002387F8283006
:100C7000022387F829306ABB112D45DD122362B1AA
:100C8000042087F82C00002087F82D0087F82E001C
:100C9000012087F82F00F86A08616FF300086FF3EE
:100CA00041086FF382086FF3C508022161F38818C9
:100CB000C3F30A0363F353286FF31F58002341461D
:100CC0009D4800F07BFDA546A9F102093CE06FF0CC
:100CD0000045C5E72B46082D01DD786988610C2B9E
:100CE00001DDC1F81CB001F12003002009E000F192
:100CF000300C07F1280EF4441CF830CC03F801CB7B
:100D000001300128F3D9B7E76FF01B03B7E70123E0
:100D10008EE7D7F8803013F0020F15D0002322465B
:100D20001946B86907F0D9FAD7F8843053B13B694E
:100D3000D7F88820934205D2D7F8842022F81300F0
:100D400001333B61013881440AF1010A35467B6A6F
:100D50009A4510D22E4616F802BB6B78FA6952F803
:100D60002340764B9C42FFF455AF754B9C42FFF4F9
:100D700062AF00254FE74C4612E707F1440000231D
:100D8000FB6118B14A4629460AF0C1F94D444FF0BB
:100D90000008C7F804901EE00020F8610646F0E75E
:100DA000FE6107F134000026EBE700253B6A33BB08
:100DB000002D3BD0D7F8803013F0010F26D0731CE4
:100DC00006F1300207F12801561806F8149CDEB22D
:100DD00008F1010825467B6A98454AD22C4614F84A
:100DE00002AB95F801905BF82930544A9342DCD36A
:100DF000534A934201D30025D8E70125D6E751464F
:100E0000786907F0B0FA0028D2D0E1E7D7F880304F
:100E100013F0040FDCD0FA69531C303207F12801BB
:100E20000A4402F8249CDBB2FB61D1E7D7F880309A
:100E300013F0020F09D0731C06F1300207F12801EC
:100E4000561806F8149CDEB2C2E7F869431C00F19C
:100E5000300107F128028A1802F824AC0246023257
:100E6000D2B2FA6107F1580252FA83F303F8249CD4
:100E7000AEE7D7F804909BF8003087F854309BF821
:100E80000130334487F85530D7F8803013F0020F23
:100E90000ED1FB69C3F3470387F85730D7F880308A
:100EA00013F0010F06D113F0040F3ED1002302E02E
:100EB0000023F1E7002387F85630DBF800003863A1
:100EC000786DCBF80000D7F810804246B9685846D4
:100ED000D7F818A0D047041EFFF662AE386BCBF8E7
:100EE0000000C7F810804246F96907F13400D04786
:100EF00000285EDB04EB0008B96849447B6A01EB1B
:100F00004301D7F810904A46FB68591A2846D04743
:100F1000041EFFF645AE08EB04054FF00008C7F8C5
:100F200024B0B3465446CA4621E0FB69C3E74FF0FC
:100F3000000909E06CB700002CB5000044B20000C5
:100F4000FCC600004FF000095246012107F12C00B9
:100F5000A04700282FDB05444B4632465146204629
:100F600007F0BBF9002828DB054408F10108D84543
:100F700018D208F1300307F12802134413F8143C87
:100F800087F82C307A6A52F82360D7F88430002B27
:100F9000CDD0D7F888309845D4D2D7F8843033F8FC
:100FA0001890D1E73A6900210846BB6998472C465A
:100FB000F6E50446F4E50446F2E50446F0E500BF34
:100FC000014B1860704700BF6005002080B50546E2
:100FD0000E461746984605F0FFFF03460AF028F92B
:100FE0000446DFF8189049F800304246394630464A
:100FF000A84754F8090001F047FD00BF08000000B1
:101000002DE9F04383B0044608461546238B13F0C0
:10101000080F05D103F0070600230093019354E065
:10102000012909D043F02003238385F31188BFF3FE
:101030006F8F03B0BDE8F08343F010032383F4E720
:10104000204607F0F1FC42E0D4F814904A46694685
:10105000204607F002FD4FF00008238B03F007073E
:10106000B74269D0A268002A66D0012243F0080383
:10107000238385F31188BFF36F8F002A64D1009B0F
:101080002BB14B463A466946204607F05FFDB8F162
:10109000000F02D034492046C047EFF311852023CA
:1010A00083F31288BFF36F8F238B23F0080323830E
:1010B000238B13F0100F4DD023F010032383012056
:1010C000268B06F007060028AFD00228B8D00028EB
:1010D000ABD0013804282BD801A353F820F000BF6F
:1010E0004910000031110000F51000000911000046
:1010F0001D1100002369D3F800800621204607F067
:1011000069FC4FF00009A8E72369D3F804800421A3
:10111000204607F05FFC4FF000099EE72369D3F8F3
:1011200008800521204607F055FC4FF0000994E7A0
:101130004FF00008C14690E7009A0AB1002295E7F7
:10114000B8F1000F92D1B3E74A463946204607F07E
:1011500049FC94E713F0200F04D023F020032383ED
:101160000220ADE70020ABE77B8B000038B50546D9
:101170000B4C00E010340B4B9C420FD263685B7940
:10118000002BF7D02946204607F0DDFD0028F1D0DE
:1011900023681B68294620469847EBE738BD00BF07
:1011A0007CB500008CB5000070B506460D46084CB5
:1011B00004E02A463146204698471034054B9C42AD
:1011C00004D223689B69002BF3D1F6E770BD00BF02
:1011D0007CB500008CB500002DE9F04107460546BE
:1011E0000AE007EA0807144B03EB06135B680422C6
:1011F0001968204600F0B4FAD5B195FAA5F6B6FA0A
:1012000086F60D4C04EB06140123B3406FEA030885
:1012100025EA0305237B002BEED03301064AD35881
:101220001B69002BDDD0204698470028E4D1D8E781
:101230003846BDE8F08100BF7CB500002DE9F041E3
:1012400080460F46204BBFF35B8F53E8005F6A1C5C
:1012500043E800210029F8D1BFF35B8F002D2FD187
:101260001A4C002607E0636804221968204600F043
:1012700077FA01361034164B9C4213D2237B002B95
:10128000F7D02368DB680BB12046984723681B69B9
:10129000002BE8D0204698470028E4D00123B34033
:1012A0001D43E6E7B8F1000F0BD055B12846FFF714
:1012B00093FF0546002FF8D00A2007F04AFDF4E717
:1012C00000252846BDE8F081EC0E00207CB500002A
:1012D0008CB5000008B5064B186018B1054B1B68AB
:1012E000092B00DC08BD044805F0D0F9FAE700BF7F
:1012F000E00E0020E80E00208407002008B5024818
:1013000005F0C4F908BD00BF8407002030B589B0DE
:1013100000220F490F4809F0DBFE0F4D0022002389
:10132000CDE90623002404940E2303930294019430
:1013300000940A4B4FF440720949284609F003FD16
:101340000849284605F050FA204609B030BD00BFD4
:10135000FD120000500C002098070020B916000074
:10136000C017002024B80000014B53F8200070473C
:1013700040B8000048B108B5054A1060054B196037
:10138000084600F00FFD002008BD6FF01500704703
:1013900064050020DC0E002008B5054B1B781BB14E
:1013A000034B01221A7008BD024805F06FF9F7E7F8
:1013B0007C1700208407002008B5104BBFF35B8F1B
:1013C00053E8001F013143E80012002AF8D1BFF3AF
:1013D0005B8F30B90A4809F087FE0A4805F056F9D4
:1013E00008BD094BBFF35B8F53E8001F013943E889
:1013F0000012002AF8D1BFF35B8FEBE7E40E002068
:10140000500C002084070020E80E0020064B00202E
:101410000146BFF35B8F53E8000F43E80012002A38
:10142000F9D1BFF35B8F7047E40E002038B5FFF7AA
:10143000EDFF0546094C00E01034094B9C420BD2ED
:1014400063685B79002BF7D023685B68002BF3D0CF
:10145000294620469847EFE738BD00BF7CB500001D
:101460008CB50000034B18680028D4BF0020012071
:10147000704700BFE40E002010B5044C044920461C
:1014800007F003F9034B1C6010BD00BFF8060020F5
:101490002CB80000D80E002008B50023064A1370AF
:1014A000064A1360064A13604FF400410548FFF7EF
:1014B00061FFFFF7E1FF08BD7D170020E40E00206B
:1014C000E80E00204B8D000008B50146014807F0EA
:1014D00056FC08BDF806002008B5024807F0B8F928
:1014E00008BD00BFF806002008B50146024B186889
:1014F00007F04BFC08BD00BFD80E002008B502481D
:1015000007F047FC08BD00BFF806002010B582B008
:1015100000220023CDE90023284B187808B902B037
:1015200010BD684607F04DFC044688B1244BBFF35C
:101530005B8F53E8001F013943E80012002AF8D1FD
:10154000BFF35B8F2046FFF711FE2046FFF7CCFF6D
:10155000FFF788FF58B91B4A1368516813F57A736F
:1015600041F1000113605160FFF7C8FFD7E709F0B0
:10157000A0FD4A0142EAD06243011B1A62EB01025C
:10158000920042EA93729B001B1842EB0102D200C8
:1015900042EA5372C3F3103343EA4243D20B094881
:1015A000016840685B1A62EB000240F2E9318B424D
:1015B00072F10002CFD3FFF739FFCCE77C17002090
:1015C000E80E0020480C00200F4B1B7803B1704739
:1015D00010B500210120FFF731FE0C4C00E0103463
:1015E0000B4B9C4208D263685B79002BF7D02368D1
:1015F0009B6820469847F2E7FFF788FF0028FBD159
:10160000014B01221A7010BD7D1700207CB500002F
:101610008CB5000010B582B01A4BBFF35B8F53E856
:10162000002F511C43E800100028F8D1BFF35B8F56
:10163000154B1B7863B9154B1B68B3B1BAB1092AB6
:1016400013D1134809F050FD124805F01FF80CE0C3
:10165000EFF31184202383F31288BFF36F8FFFF71A
:1016600055FF84F31188BFF36F8F02B010BD0022C5
:101670000023CDE900234FF400420023044805F085
:10168000CFFFF2E7E80E00207D170020E00E0020DB
:10169000500C00208407002010B50446044B1B6842
:1016A0009847A0602146034807F08FFB10BD00BF9C
:1016B00064050020F80600202DE9F04100210846CD
:1016C000FFF7BCFD804650B140F26766002709F085
:1016D000AFFD154B1858FFF7FDFD002515E04FF045
:1016E000FF364FF0FF37F2E74046FFF775FD8046C3
:1016F00070B94FF0FF364FF0FF3709E02C46324605
:101700003B460A4805F006F82546B8F1000FEBD134
:10171000FFF7FCFE04460028F6D1002DEED0002194
:101720000846FFF741FDEAE70800000084070020B3
:101730000248034BC01AC008704700BF7CB50000C8
:1017400024B5000010B50C46FFF7F2FFA04203D904
:10175000024B53F8340010BD0020FCE724B5000014
:1017600008B5094BC31A1B110133D0F804C08CF81B
:10177000043043689A7143681960436801225A71C2
:10178000FFF70AFE08BD00BF7CB5000000B589B0B8
:10179000059206930023079362B1074A0C9B0293BC
:1017A0000B9B01930A9B009305ABFFF7A7F909B0C8
:1017B0005DF804FB0022F1E7DB8D00002DE9F04F1E
:1017C0008BB004AF05461E468846C1F34A24002C60
:1017D00000F0898091460022FA603A617A61042320
:1017E0000293FB1801930A23009307F10C0321468F
:1017F0004846FFF783F9B0F5006F58D3D9F80410C5
:101800006D4600233B7302237B738AB004AC14F152
:10181000100217D012201AB1042801DD3B4B63617E
:1018200000233B7002237B70CAB10346082800DD09
:10183000A1610C2B02DD40F2FF73E36104F1200390
:1018400000210AE06FF00040E5E701F118063E4490
:1018500016F8186C03F8016B01310129F5D911282C
:1018600022DD122342B10421397300217973B97347
:101870000121F973F868206100216FF300016FF313
:1018800041016FF382016FF3C501022060F38811FB
:10189000C3F30A0363F353210023C1F313011C486C
:1018A00007F01BFBAD462DE06FF01B03DAE760F39A
:1018B0005328C0F30A0A0AEB1850173020F007002B
:1018C0008008FFF701FE8346B0B104230293FB18A2
:1018D00001930A230093534600F110022146484623
:1018E000FFF754FF08E004EB1154173424F0070409
:1018F000A008FFF7E9FD834633464246294658468D
:1019000007F081FA1C37BD46BDE8F08F60B80000D3
:1019100044B500002DE9F04F85B080460D461746CE
:101920001E46DDF838B0DDF84090B9F1000F41D027
:10193000119B039300934B460F9A10210020FEF752
:1019400083FEB0F5006F2DD282460BEB00031733F8
:1019500023F0070300246FF300046FF341046FF3D7
:10196000820468F3C50467F3881460F353246BF3AF
:101970001F549808FFF7A8FD074650B11030B9F181
:10198000000F06D0119B00934B460F9A5146FEF76D
:101990005BFE334622462946384607F034FA05B046
:1019A000BDE8F08F40F2FF73034A0221034807F0BD
:1019B0007CFAF4E70020C7E7A0B8000044B50000B7
:1019C000406820B1034BC01A40F3CF0070474FF07E
:1019D000FF30704724B500000EB400B582B0014658
:1019E00003AB53F8042B0193034801F0A3FA02B0B0
:1019F0005DF804EB03B07047118F000010B584B0A0
:101A000011F0440F05D01A4B1B6833B9002004B005
:101A100010BD1849FFF7E0FFF9E717490968B2FB65
:101A2000F1F2B2FBF3FC03FB1C224FF47A7E0EFBB7
:101A300002F2B2FBF3F403FB14210EFB01F1B1FB44
:101A4000F3F10E4AA2FB0C32D20A4FF4616303FB9E
:101A500012CC0B4BA3FB0CE35B0902910194C3EB8B
:101A60000311ACEB810100910649FFF7B5FFCEE70A
:101A7000F40E0020D8B80000F00E0020C5B3A291EB
:101A800089888888E4B8000061B108B52AB1064A9F
:101A900052F8232012B9054A00E0044A0449FFF72E
:101AA0009BFF08BD704700BF84B9000000B900006B
:101AB00008B900002DE9F04105461746069EDDF8FD
:101AC0001C8081B900242EB1324611492846FFF707
:101AD00083FF0444B8F1000F14D06FB1099B042BAD
:101AE00013D00C4909E00C4B099A53F822200B49FA
:101AF000FFF772FF0446E6E7064942462846FFF72D
:101B00006BFF04442046BDE8F0810549F5E700BFBE
:101B100020B9000010B9000098B9000018B9000001
:101B20000CB900002DE9F04F87B005460C46049231
:101B300005939DF84C7001F0020B01F0010AC1F30E
:101B4000C00801F4807907F046F918B30246164937
:101B50002846FFF741FF0646BBF1000F1CD13A466D
:101B60005146284607F0FFF9B9F1000F01D00023D4
:101B700011930397129B0293119B0193109B009367
:101B80000023049A41462846FFF794FF304407B0EB
:101B9000BDE8F08F0026DFE7059A21462846FFF7CB
:101BA0002DFF0644DBE700BF24B9000011F0100F41
:101BB0000BD108B511F0200F03D00449FFF70CFF3B
:101BC00008BD0349FFF708FFFAE770474CBA000069
:101BD000C8C500002DE9F04105460F461646984657
:101BE0000699FFF7E3FF0024444505DA2449284617
:101BF000FFF7F2FE0134F7E7002409E02049284608
:101C0000FFF7EAFE0BE01F492846FFF7E5FE013427
:101C10000F2C0CDC002C02DD14F0070FEED0B442C8
:101C2000F1D23A5D18492846FFF7D6FEEFE717498B
:101C30002846FFF7D1FE002409E011492846FFF7A6
:101C4000CBFE0BE012492846FFF7C6FE01340F2CED
:101C500013DC002C02DD14F0070FEED0B44207D2E3
:101C60003A5D0C4B9B5C13F0970FEBD12E22E9E70A
:101C700003492846FFF7B0FEE8E7BDE8F08100BF62
:101C80001CB9000030B9000028B9000034B90000C8
:101C900038B90000EDC500002DE9F04184B00446DC
:101CA0009DF82C500C9F0E9E95B9012B1ED0194803
:101CB0004FF0000827B13B462246174906F023FBA8
:101CC000C6B905BB204607F00CF904B0BDE8F081A9
:101CD00003950A980290019300920B4600220F99F7
:101CE0002046FFF71FFF80460C48E3E70B484FF004
:101CF0000008DFE70F9B0093434632460D992046CC
:101D000007F049F9DDE72A460F99204607F037F931
:101D1000D8E700BF498F0000352F0000118F000069
:101D20002DE9F04383B00646056842F20F738B42FB
:101D300028BF0B46184A0521684605F0A1FE044657
:101D40007368D3F804900B27DFF8508005E04A460B
:101D500039464046A8473F1A8044002FF7D17368A0
:101D6000D3F804806F4605E0424621463846A8472E
:101D7000241A0744002CF7D173685F681B24084EAF
:101D800005E03A4621463046A847241A0644002C6E
:101D9000F7D103B0BDE8F08384BB000058B9000060
:101DA0003CB90000074B01221A6004E04008054AD4
:101DB00013685B001360044B9842F7D8034B18601C
:101DC000704700BFF00E002040420F00F40E0020CC
:101DD000034B01221A70034B034A1A60704700BF7D
:101DE0007E170020200F0020240F002008B5034B91
:101DF00001221A70024807F01CF908BD7F17002065
:101E0000D8B90000014B1960002070470C0F00206A
:101E100008B518B9074B00221A7008BD064B1B788D
:101E200023B141F2883008F054FEF6E7052007F0B0
:101E300017F9F2E77E1700207F17002038B5044617
:101E40000A4B01221A700A4B1B782BB938BD651E4C
:101E50002046FFF7DDFF2C46002004F049F800285B
:101E6000F4D0024B1B78002BF1D1EFE77E17002056
:101E70007F1700202DE9F04107460E464FF0040879
:101E80000DE032463946002003F078FF044616E0A4
:101E90004046FFF7D3FFF4B9134B1B78DBB1134B6C
:101EA0001B78002BEDD108F007FE05463246394677
:101EB000002003F063FF0446284608F005FE002CCE
:101EC000E6D1094B1B78002BE5D008F1FF384046DE
:101ED000FFF79EFFDFE714B9034B1B7803B93446C5
:101EE0002046BDE8F08100BF7E1700207F1700204C
:101EF00008B50248FFF714FF08BD00BFD8B90000BD
:101F000010B50C46044B1868FFF72EFA03460F2253
:101F100021460248984710BD0C0F0020D8B9000098
:101F2000014B036000207047E8B9000008B5034882
:101F300006F046FA024806F043FA08BDE8B9000088
:101F400020BA000008B5024805F0F2FB08BD00BF4A
:101F500050BA0000B0F5680F17D00CD840F6BA633D
:101F6000984214D0B0F5683F13D03A2801D0012030
:101F7000704700207047094B98420CD0084B98429C
:101F800001D00120704700207047002070470020DA
:101F90007047002070470020704700BF3A00003AA9
:101FA0002C5F5CA9E8B108B54268B2F5683F07D07C
:101FB0000F498A421AD0006804F012FB002008BDC5
:101FC00003680022BFF35B8F53E8001F012903D190
:101FD00043E800200028F7D1BFF35B8F04D11046FF
:101FE000EDE76FF4E04070470248E8E70248E6E7B3
:101FF0002C5F5CA9E98FFFFFEA8FFFFF30B308B5C4
:102000004268B2F5683F0CD012498A421CD0006881
:102010004FF0FF324FF0FF3304F062FA88B10E4800
:102020000FE003680122BFF35B8F53E8001F002914
:1020300003D143E800200028F7D1BFF35B8F01D123
:10204000002008BD0448FCE70448FAE76FF4E040CC
:10205000704700BF2C5F5CA9E98FFFFFEA8FFFFF8D
:1020600010B50446A8B16368B3F5683F10D0B3F566
:10207000680F0DD00D4A93420AD013F4686F0DD04B
:1020800021680B4808F08FFD00232360074B636035
:1020900010BD084B5B6808489847E4E723680022B6
:1020A0001A605A609A60DA601A61EFE72C5F5CA9E7
:1020B0003C1400208C06002058BA000010B50446DD
:1020C00068B36068B0F5683F28D0B0F5680F25D0D8
:1020D000174B984228D0FFF73DFFC0B14FF0FF32B9
:1020E0004FF0FF332146134804F0C8F908B92368BC
:1020F0001BB9114B5B6811489847236800221A608E
:102100005A609A60DA601A614FF46863636020680D
:1021100008F0CAFD636843F03A03636010BD064BE4
:102120005B6807489847CCE72368002BD3D1D5E7F5
:102130002C5F5CA93C1400208C06002080BA0000B3
:1021400058BA000008B5402314220449044808F096
:102150001CFD0449044805F05DFB08BD3C0F002050
:102160003C140020B0BA0000C4BA00002DE9F041D0
:1021700082B000AF0446D0F800E0D0F804C0856813
:102180006E468AB06B4613F1100200F0888014216D
:102190008AB10846042903DDDFF81C81C3F81480E6
:1021A000082801DDC3F818E00C2801DDC3F81CC0C5
:1021B000102800DD1D62132974DD14253AB10521B4
:1021C000397100217971B971F9717868186100214C
:1021D0006FF300016FF341016FF382016FF3C501EB
:1021E000012363F38811C5F30A0565F353216FF3E7
:1021F0001F5100233148FFF7E1FAB546D4F80CC06F
:1022000026696569E8468AB06B4613F110024CD026
:10221000142182B10846042903DDDFF8A4E0C3F8E5
:1022200014E0082801DDC3F818C00C2800DDDE61C9
:10223000102800DD1D6213293ADD14253AB105216D
:10224000397100217971B971F971786818610021CB
:102250006FF300016FF341016FF382016FF3C5016A
:10226000012666F38811C5F30A0565F353216FF360
:102270001F51124D00232846FFF7A0FAC546E36917
:10228000104A3146284606F010FEA3690E4A314630
:10229000284606F00AFE0837BD46BDE8F0816FF01B
:1022A000004175E76FF01B0588E76FF00041B0E76C
:1022B0006FF01B05C2E700BFD4BA00005CB5000098
:1022C00004BB000034BB000044BB000038B504462A
:1022D0000D4611B10846FFF749FF012C04D02946ED
:1022E000204603F061FE38BDEFF30583103B034A3F
:1022F0000121034806F0D9FDF1E700BF74BB0000DF
:102300005CB5000030BFFFF7FDBF00BF38B5044625
:10231000054D2A46054908F0FAFE054A00216019D4
:1023200008F003FF38BD00BF00000000D0B500007A
:102330000400000070B50646064D074B1D444C1BBB
:102340002046FFF7E3FF083CC6F8A44005F108006B
:1023500070BD00BF0000000004000000074B9B6838
:1023600093F90E20002A08DB044A5269934204D0F4
:10237000034A536843F08053536070476C15002044
:1023800000ED00E081690D4B5A6942F480725A6198
:10239000BFF34F8FBFF36F8F31F8021C5A6922F4DD
:1023A00080725A61BFF34F8FBFF36F8F4DF6027388
:1023B000994201D0002070470120704700ED00E0F5
:1023C0004FF0000C83F800C002F07F4CBCF17F4F4F
:1023D00014D102F00C0CBCF1080F04D012F0080F5D
:1023E00009D00846704708B5054A0121054806F09E
:1023F00052FD002008BD01221A707047002070476E
:1024000088BB00005CB5000008B52B4A01212B48B1
:1024100006F041FD2A4B9B6A13F0007F21D11D205D
:10242000274B9B6A13F0807F22D1254B9B6A13F4C4
:10243000002F24D1224B9B6A13F4802F26D1204BEE
:102440009B6A13F4003F28D11D4B9B6A13F4803F15
:102450002AD11B4A936A6FEA03436FEA13439362DC
:1024600008BD184A0121154806F015FD1E20D7E7C2
:10247000154A0121114806F00EFD1F20D5E7134A29
:1024800001210E4806F007FD2120D3E7104A012163
:102490000A4806F000FD2220D1E70E4A0121074834
:1024A00006F0F9FC2320CFE70B4A0121034806F090
:1024B000F2FC2420CDE700BFB4BB00005CB50000F7
:1024C00000ED00E0CCBB0000E0BB0000FCBB000066
:1024D0001CBC000044BC000060BC000008B5002328
:1024E0000B70034A0121034806F0D5FC08BD00BF6C
:1024F0008CBC00005CB5000090B583B000AF0F2924
:1025000023DC2F4C103900233B7102237B718AB0EE
:10251000EC461CF110021AD0122022B1042802DD70
:10252000284BCCF8143000233B7002237B70E2B1BF
:102530000346082801DDCCF818400C2B01DDCCF84F
:102540001C100CF1200300210DE01F4CDAE76FF0A6
:102550000040E2E701F1080404EB070E1EF808EC66
:1025600003F801EB01310129F4D9112824DD1223EC
:102570004AB10421397100217971B9710121F971D0
:102580007868CCF8100000216FF300016FF341016F
:102590006FF382016FF3C501012060F38811C3F36B
:1025A0000A0363F353216FF31F5100230748FFF71A
:1025B00005F90C37BD4690BD6FF01B03D8E700BF8F
:1025C000B0BC0000E4BC0000C8BC00005CB500006A
:1025D000F8B505460F461446374A0121374806F03C
:1025E0005AFC374B9B6A13F4805F25D11626344B77
:1025F0009B6A13F4006F26D1314B9B6A13F4007F62
:1026000028D12F4B9B6A13F4806F3FD12C4B9B6AD0
:1026100013F4807F41D12A4B9B6A13F4005F43D1AE
:10262000274A936A43F47F4393620121284606F0C8
:102630003AFD20703046F8BD224A01211F4806F0BD
:102640002AFC1726D3E7204A01211C4806F023FC68
:102650001826D1E71D4A0121184806F01CFC184A2B
:10266000936B926A12F4004F01D11926C9E7184AF8
:102670000121124806F019FC37B1114A936A23F47C
:10268000004393621926BCE71926BAE7114A0121D3
:102690000A4806F000FC1A26B8E70F4A012107484D
:1026A00006F0F9FB1B26BBE70C4A0121034806F0A4
:1026B000F2FB1C26B4E700BFF8BC00005CB50000CC
:1026C00000ED00E010BD000024BD000038BD00009A
:1026D00054BD00006CBD000088BD0000A0BD00001E
:1026E0002DE9F04104460F461546464A0121464869
:1026F00006F0D1FB454B9B6A13F0100F3CD110261E
:10270000424B9B6A13F0080F3DD1404B9B6A13F07C
:10271000020F3FD16FF015083C4B9B6A13F0010F7D
:1027200058D13A4B9B6A13F0200F5AD1374B9B6A12
:1027300013F0100F04D1354B9B6A13F0020F04D035
:10274000324B5B6813F4006F52D1304B9B6A13F02D
:10275000200F04D02D4A536A23F4005353622B4AAE
:10276000936A43F0FF0393620121204606F09BFC2D
:1027700028703046BDE8F081254A0121224806F044
:102780008AFB1126BCE7234A01211F4806F083FB80
:102790001226BAE7204A01211B4806F07CFB1B4B9E
:1027A000D3F834809B6A13F0800F03D16FF01508C3
:1027B0001326B1E74346194A0121134806F075FB79
:1027C00037B1124A936A23F0800393621326A3E77A
:1027D0001326A1E7124A01210B4806F05CFB1426E0
:1027E0009FE7104A0121084806F055FB15269DE792
:1027F0002146404600F028FA0028A6D080F3098838
:102800000226A2E7D0BD00005CB5000000ED00E0AC
:10281000E8BD000024BD00001CBE000034BE000066
:102820004CBE0000A0BD000070B506460D462B4A08
:1028300001212B4806F02FFB00232B70294BDC6A6B
:1028400014F002040AD1274BDB6A002B0DDB254B69
:10285000DC6A14F080440ED1204670BD224A01216A
:102860001F4806F018FB0024F6E7204A01211C4807
:1028700006F011FBF0E71E4A0121194806F00BFB98
:102880003046FFF77FFD98B9164B9B6A13F0FF0F98
:1028900016D1144B9C6A14F47F4418D1114B9B6AD7
:1028A000B3F5803FD8D33046FFF7AEFD0446D3E7FB
:1028B0003368104A01210A4806F0F7FA3468CBE77A
:1028C0002A4601213046FFF70BFF0446C4E72A469B
:1028D00001213046FFF77CFE0446BDE76CBE0000D8
:1028E0005CB5000000ED00E084BE0000A8BE000062
:1028F000B8BE0000D8BE000030B58BB01F4B5D687D
:10290000C5F30805002383F31188BFF36F8F0DF122
:102910002603FFF755FD04460DF12702294606F070
:10292000C4FB9DF827300BB10BB030BD05460DF14F
:10293000040C20686168A268E368ACE80F002069B5
:102940006169A269E369ACE80F009DF826304BB1DC
:10295000089BC3F308025AB96FEA53236FEA432373
:10296000089305E0089B23F4FF7323F00103089309
:1029700001A92846FFF7AAFCD6E700BF00ED00E05A
:10298000044B5A6942F010025A615A6922F0080257
:102990005A61704700ED00E0EFF30880EFF3098122
:1029A00001B57246FFF7A8FF01BD00BF002080F30C
:1029B0001488BFF36F8F114880F3088800201049F6
:1029C000087002F04BF900200E490860BFF34F8FEA
:1029D00000F030F8202080F311880B484FF4046198
:1029E000401880F30988EFF314800221084380F334
:1029F0001488BFF36F8F00F0E9F80000C0280020B2
:102A00008317002094ED00E0001B0020084BD3F852
:102A10009000C0F30720002306E0054AC2F8983072
:102A20000021C2F8A01001338342F6DB704700BFDB
:102A300000ED00E010B572B6002484F31388FFF7B0
:102A4000E5FF234608E003F120010E4A4FF0FF3076
:102A500042F821000133DBB2072BF4D9002308E050
:102A600003F16001074A4FF0FF3042F821000133C3
:102A7000DBB2072BF4D962B6BFF34F8FBFF36F8F72
:102A800010BD00BF00E100E008B50A4B9B6883421F
:102A900002D004F0A7FA08BDEFF30583002BF8D0AD
:102AA000054B5A6842F080525A605A6A22F400423A
:102AB0005A62EEE76C15002000ED00E016498A68C6
:102AC0004FF030001044EFF3098C80E8F01F202015
:102AD00080F31288BFF36F8F104F4FF000664A6982
:102AE0008A603E604FF0A404141920680C4C2060EA
:102AF000D2F8A8000023C2F8A83080F3118804B5EA
:102B0000104600F023F9BDE8044002F1300090E8DF
:102B1000F01F8CF3098870476C15002004ED00E06D
:102B2000581400201EF0040F0CBFEFF30880EFF3E1
:102B30000980816911F8021C0229FFD001B5724693
:102B400006F0A5FA01BD00BF002807DB00F01F0258
:102B5000400901239340024A42F82030704700BFE9
:102B600000E100E000280CDB00F01F024009012317
:102B700093402030034A42F82030BFF34F8FBFF319
:102B80006F8F704700E100E0002808DB4901C9B2FF
:102B900000F1604000F5614080F80013704700F0DC
:102BA0000F004901C9B2014B1954704714ED00E000
:102BB0004209054B53F8222000F01F00012303FABD
:102BC00000F01040704700BF00E100E008B50B4B7B
:102BD0000B4A22F07F029A60BFF34F8FBFF36F8FD3
:102BE000D3F8882022F47002C3F8882003F08CFB0D
:102BF00004F056FB00F072F803F0E4FB00ED00E097
:102C00000000000010B4A2F120040E4942F8081C94
:102C100021F0010142F8081C42F8203C019B42F8D7
:102C20001C3C029B42F8183C039B42F8143C4FF0BA
:102C3000807342F8043C04650023C0F8A83010BC3F
:102C4000704700BFCD0F0000104B9B68BBB110F167
:102C5000160F0BD0D3F89420A2F1400C844510D865
:102C6000824210D98A4207D800207047D3F89420B6
:102C70008A4201D800207047D3F8940070470020A2
:102C80007047002070470020704700BF6C1500207F
:102C900008B50E4615460A4A9060D0F8A420094BA4
:102CA0001A6000F053F82C4686F309880020064B82
:102CB00098472046002100220023044C204700BFF3
:102CC0006C1500205814002021910000CD0F000049
:102CD000014B10221A61704700ED00E0002206E06F
:102CE00003F00F030949194420230B7601322F2AE0
:102CF0000ADC53B2002BF3DB03F1604303F56143BD
:102D0000202183F80013F1E7704700BFFCEC00E0DE
:102D100008B5EFF30583103B044A02EBC301496891
:102D200052F833008847FFF719FB08BD34B30000A1
:102D300008B5034B034A0121034806F01CFB08BDFC
:102D40000000042000000020F4BE000008B5D0F808
:102D50009430403B0448036040234360034B83604E
:102D6000012106F00CFB08BD5C14002000000B15CF
:102D7000084AC2F898000B6823F01F03034343F08E
:102D80001003C2F89C308B6843F00103C2F8A030F6
:102D9000704700BF00ED00E010B504460A4BD3F8C1
:102DA0009030C3F30723013B984203D8FFF7E0FFBD
:102DB000204610BD0346054A0121054806F075F876
:102DC0006FF01500F5E700BF00ED00E004BF000064
:102DD00054B500002DE9F04780460F469A46164646
:102DE000002409E02946F0B206F0CEF9064610F1BB
:102DF000160F1AD001360134BC4216DA04EB440532
:102E000008EB85056A68002AF5D0BAF1000FE9D011
:102E1000284606F0A8F90028E4D12346044A0121F7
:102E2000044806F042F86FF015063046BDE8F0871A
:102E30002CBF000054B5000010B5034C01232278CC
:102E4000FFF7C8FF207010BD8017002008B50023D1
:102E50000B4A1278FFF7BEFF10F1160F0FD0024693
:102E600006E0084BC3F898200021C3F8A0100132F7
:102E7000044BD3F89030C3F307239342F1DC08BD31
:102E80008017002000ED00E0044B0522C3F89420D9
:102E9000BFF34F8FBFF36F8F704700BF00ED00E0AF
:102EA000BFF35F8F024B0022C3F89420704700BF2E
:102EB00000ED00E038B51C4B1D681C4BD3F890307A
:102EC000C3F307239D422BD8FFF7EAFF002409E054
:102ED000154B5B6804EB440103EB81012046FFF7CF
:102EE00047FF0134A542F3D81148057006F06BF98D
:102EF00010F1160F13D00E4B1A780C4BD3F89030FC
:102F0000C3F307239A4207DA084BC3F8982000213D
:102F1000C3F8A0100132F0E7FFF7B6FF002038BD7C
:102F20004FF0FF30FBE700BF50BF000000ED00E0B6
:102F30008017002030B587B00D461146002400945C
:102F40000194029403940494059402228DF80220C3
:102F5000044A0192049005951A46684604F0BCFDA7
:102F600007B030BD8793000008B5024B1B68984737
:102F7000002008BD68140020034B1860034A9378B2
:102F800043F0020393707047681400208805002006
:102F900008B5064921F00701C1F1005202F580226F
:102FA000034805F0F9F8002008BD00BF07290020FC
:102FB0006C140020024B0122C3F84025002070470A
:102FC00000E0014030B108B5034B800143F001033C
:102FD000984708BD704700BFE0B5000021B1012946
:102FE00007D06FF0850070470020054BC3F800053F
:102FF0007047034B0122C3F800250020704700BF33
:1030000000700040074B0122C3F8002590F876308D
:1030100013B1044BDA607047024B01221A605A6008
:10302000704700BF0070004069B938B5064CD4F84D
:103030002C56D4F8341689B2643006F0F5F90544FC
:10304000C4F82C5638BD7047007000404268044BED
:1030500093F898301A4214BF01200020704700BF37
:10306000C004002010B444680D4B93F898100D4B29
:10307000D3F82C06012302E002305B009BB2994298
:103080000BD3E2B21A42F8D01942F5D0B0F90020C1
:10309000002AF1DA00220280EEE710BC704700BF80
:1030A000C004002000700040F0B583B000230093FE
:1030B000CDF803300D7905F01F058E79072D00F24C
:1030C00084800C460B780C2B30D8DFE803F00A071D
:1030D000172F1B2F1F2F2F23272F2B0001238DF896
:1030E00002306378032B29D0042B2AD0384A0121DF
:1030F000384805F0D0FE6FF015074CE002238DF83C
:103100000230EEE703238DF80230EAE704238DF85E
:103110000230E6E705238DF80230E2E706238DF85A
:103120000230DEE707238DF80230DAE72A4A012170
:10313000284805F0B0FE6FF015072CE001238DF84C
:10314000033001A9608806F071F9074630BB237986
:1031500013F0200F2AD001238DF805301F4890F876
:103160009820217901F01F018B4022EA030380F8A7
:1031700098306279194B2B4483F89020184C6A469A
:103180002946204606F00AF951352B0104EB0515B6
:103190000022E2506E60384603B0F0BD114A0121B2
:1031A0000C4805F078FE6FF01507F4E700238DF862
:1031B00005300A4890F89830217901F01F0101226A
:1031C0008A40134380F89830D3E76FF01507E2E7A1
:1031D000A4BF000024B5000084BF0000C00400208C
:1031E00000700040C8BF000008B5037CA3F10802CE
:1031F000062A0DD8DFE802F0140C160C040C0A00A5
:103200000222094BC3F8F025002008BD0322F8E78D
:10321000064A0121064805F048FE6FF01500F4E764
:103220000022EEE70122ECE700700040F4BF00004E
:1032300024B5000008B5012901D9437C4BB9437C72
:10324000082B0ED8DFE803F0151515151515151503
:1032500015000A4A01210A4805F01DFE6FF015000D
:103260000BE0084A0121064805F01FFE6FF015002B
:1032700003E0054AC2F8F435002008BD1CC0000078
:1032800024B5000050C000000070004010B582B0AE
:10329000044606F0C9F8236813B19B8903FB0000BC
:1032A000E368834202D3002002B010BD0090044ABC
:1032B0000121044805F004FE6FF00B00F4E700BFA5
:1032C00074C0000024B5000010B582B000F10804FD
:1032D000806F410CC003094BC018094A4FF000032E
:1032E00041F10001FCF70CFF009001910022002346
:1032F000204604F095F902B010BD00BF3F420F0018
:1033000040420F00F8B50D4649684B1EFE2B02D80F
:1033100000231C4621E0354A0121354805F0BBFD5C
:103320006FF0150342E0334A0121314805F0BDFD3D
:103330006FF015033AE0304800EB031CDCF8182569
:1033400022F08072CCF8182503F1510212010026F8
:1033500086500133DBB2072B23D81A4621FA03F03B
:1033600010F0010FE7D02548184490F89060002E27
:10337000D9D095F811C0BCF1000C18BF4FF0010C6A
:103380001D4F07EB031EDEF8180520F0807040EAA1
:103390000C60CEF8180551321201BE500134E4B26F
:1033A000D7E72846FFF720FF034608B11846F8BDC7
:1033B00021462846FFF73EFF03460028F6D1214666
:1033C0002846FFF763FF03460028EFD1AA680A4B9F
:1033D000C3F82C26C3F83046084C2946204606F090
:1033E00099F8204606F089F80346DFE79CC0000004
:1033F00024B50000BCC0000000700040C0040020E4
:1034000070B504460D46084E00221146304606F0BF
:103410006BF829462046FFF775FF044606F1400089
:1034200003F034F9204670BDC004002038B50446CE
:103430000E4B0025C3F80451D3F80421C3F81051F2
:10344000D3F810211222C3F80423072005F052FEFE
:103450002A460121072005F057FE054806F089F8A5
:103460000449204605F0CEFF38BD00BF0070004083
:10347000C0040020DD2F0000164BD3F80431C3B187
:1034800010B50446134B0022C3F80421D3F80411ED
:1034900001219960C3F800250F48FFF7D7FD20B937
:1034A00021460E4806F06DF810BD0B48FFF7DAFD17
:1034B000F6E7084BD3F8103153B1064B0022C3F89E
:1034C0001021D3F8102101229A601A605A607047C7
:1034D000704700BF0070004024050020C004002099
:1034E00000487047CC140020034BC01A8010034BD7
:1034F00003FB00F0704700BF8C140020B76DDBB6F3
:1035000038B505460C46FFF7EFFF01464022034859
:1035100006F012F901462846A04738BDBCB20000AB
:1035200030B583B005460C46FFF7DEFF0146402369
:1035300000932346054A064806F018F9011E01DBF0
:1035400003B030BD2846A047FAE700BFB59700009A
:10355000BCB2000008B510B101280DD008BD002193
:10356000084806F075F8836813F0070FF6D10021BC
:10357000044806F0CFF8F1E70121024806F0CAF846
:10358000ECE700BFBCB2000010B582B0EFF31184CD
:10359000202383F31288BFF36F8F154A136843F01B
:1035A0000201116013F0010F09D1002384F3118887
:1035B000BFF36F8FB3B906F005F902B010BD0DF17E
:1035C000070201214FF0804006F026F89DF80730F1
:1035D000012B01D00023E9E7FFF782FF06F088F80E
:1035E0000123E3E70021034806F094F8E5E700BF74
:1035F000DC140020BCB2000010B5EFF311842023CE
:1036000083F31288BFF36F8F074A136823F0020118
:10361000116013F0010F04D084F31188BFF36F8F92
:1036200010BD06F0D9F8F7E7DC14002070B582B0C1
:103630000546012807D14FF08043D3F81C3403F02E
:103640000303012B4BD007F06BFB044618B9284B42
:103650001B78002B38D1EFF31186202383F31288D7
:10366000BFF36F8F012424B94FF080430222C3F8C7
:10367000082301AA00214FF0804005F0CDFF20B1C2
:10368000019B012B26D0012D24D0FCB1304605F042
:103690005BFD4FF08043D3F81835002BE9D14FF094
:1036A0008043D3F80431002BE3D04FF08043002255
:1036B000C3F80421D3F804210122C3F818250D49C9
:1036C000C1F880219A60D4E70026CCE7012006F0FB
:1036D0008DF8DEE72CB186F31188BFF36F8F02B04F
:1036E00070BD4FF080430222C3F80423F7E700BF08
:1036F0008317002000E100E000B585B0CDF800D0D0
:10370000CDF804D000230293012303936B46074AAC
:1037100006F048F8002805DB4FF480420023684695
:1037200002F0F8FF05B05DF804FB00BF1998000037
:1037300070B5064600220121104605F0E5FC11484F
:1037400001F0CAFB104B984219D101F0D9FB0024BB
:10375000012C12D82146304605F07AFF0546214655
:10376000304605F082FF094905F015FA002805DB0F
:103770000123AB601C44E4B2EAE7002070BD6FF0A7
:103780000400FBE7553500000000AD0BF8C0000059
:1037900008B5C1B2014805F068FF08BDBCB2000021
:1037A00010B50446104B0121BFF35B8F53E8002F87
:1037B00043E800100028F9D1BFF35B8F1AB1631EF4
:1037C000012B0DD910BD094805F04FFF0849002312
:1037D0004B608B60CB6001238B6005F0F9F9EEE75D
:1037E0002046FFF723FFEDE788140020BCB200005D
:1037F0007814002010B5044C2046FDF7E1FB20466C
:10380000FFF7BAFB002010BD0D38000030B583B0C3
:1038100005468DF80700022401220DF10701002062
:1038200002F04AFB38B9094B1B785BB13CB106F09A
:103830000EF8013CF0E7054B01221A7002E0034B41
:1038400000221A70284603B030BD00BF8117002047
:10385000F0B51C46059F069E00F01F0C400936D0AF
:10386000012837D1284D0CF5E07355F8233099B372
:1038700001209AB34FF0020E40EA0E008CB34FF0D5
:103880000C0E40EA0E007FB34FF4E06E40EA0E00EB
:103890006EB34FF4403E40EA0E0023EA000049B305
:1038A0000B784AB31278520013433CB3227892004B
:1038B00013432FB33A78120213431EB33278120423
:1038C000134303430CF5E07C45F82C30F0BD4FF07A
:1038D000A045C8E70025C6E70020CAE74FF0000E64
:1038E000CAE74FF0000ECCE74FF0000ECEE74FF0E6
:1038F000000ED0E70023D4E70022D5E70022D7E767
:103900000022D9E70022DBE70003005000F01F038C
:10391000400909D001280AD1064A03F5E07352F89C
:10392000230000F0010070474FF0A042F5E70022AD
:10393000F3E700BF0003005028B1012801D103487C
:103940007047002070470248704700BFD0B20000A7
:10395000E4B200002DE9F04786B088461546994646
:10396000446801F01F07237B47EA4317204605F010
:10397000D9FF002853D0B5F5001F2AD00DF10C0A4D
:103980000026039604964946284606F040F88DF82E
:103990000C00009601960296CDF804A0A36823FAC5
:1039A00008F313F0010F02D1B5F1A07F18D0103445
:1039B0006A463946204606F089FE1C4B984231D1B2
:1039C00001223946204606F0A5FE002006B0BDE8DB
:1039D000F087394604F1100006F0A0FE0020F5E75C
:1039E0003846FFF793FF0028E1D104F110050DF1EF
:1039F00017023946284606F075FE0D4B984203D053
:103A00000DF117030493D2E70DF11701284606F0D4
:103A10007DFE064B9842F3D06FF00B00D6E76FF0B7
:103A20008500D3E76FF01500D0E700BF0000AD0BB5
:103A30000400AD0B2DE9F04389B0074689461446D2
:103A4000456801F01F082B7B48EA4318104605F033
:103A50006EFF8DF81E0040F206332340B3F5837FDE
:103A60005ED016D8062B57D006D9B3F5807F0DD17E
:103A700001238DF81D3024E003B3022B03D104236E
:103A80008DF81D301DE06FF015076FE06FF0150722
:103A90006CE040F20222934246D0B3F5407F03D15E
:103AA00003238DF81D300CE0B3F5007F03D1022312
:103AB0008DF81D3005E06FF0150757E000238DF8F5
:103AC0001D30012606FA09F63146384605F03DFF5D
:103AD000071E4BDB14F4002F2AD06B68C3F808656F
:103AE000284605F01FFF50B310350DF11F02414667
:103AF000284606F0F7FD064614F4403F3AD1414609
:103B0000284606F0FBFD3A4B9E422FD19DF81F1030
:103B1000284606F0F7FD29E006238DF81D30D0E792
:103B200007238DF81D30CCE705238DF81D30C8E73D
:103B300014F4802FD4D06B68C3F80C65D0E7C4F3BD
:103B400040438DF8083014F4803F0CBF012300235C
:103B50008DF81030002301930DF11D0300930DF13A
:103B60001E0304AA02A94046FFF772FE384609B0B8
:103B7000BDE8F08302AA0023029303930493059304
:103B80000693059204AA4146284606F09FFD184B6D
:103B9000984202D06FF01507E8E714F4003F1AD0FE
:103BA0009DF81D308DF8103014F4803F0CBF0123B8
:103BB00000238DF811309DF81E308DF8123000234F
:103BC00004AA4146284606F085FD094B98429AD042
:103BD0006FF01507CAE700230493059306930DF1D0
:103BE0001E03049304AA4146284606F06FFDECE745
:103BF0000000AD0B10B54468204605F093FE08B9EF
:103C0000002010BD1034204606F074FD08B10020DD
:103C1000F7E70021204606F069FD094B98420BD1D9
:103C200000220849204606F059FD00220521062001
:103C300005F06AFA0020E4E76FF00400E1E700BF56
:103C40000000AD0B479A000070B400F01F0C400953
:103C500019D001281AD10E4D0CF5E07055F82060EE
:103C60000C4C344041EA420141EA83039DF80C20A8
:103C700043EA02239DF8102043EA0243234345F818
:103C8000203070BC70474FF0A045E5E70025E3E722
:103C900000030050F0F8FCFF00F01F01400907D0BE
:103CA000012808D1054A01238B40C2F80835704726
:103CB0004FF0A042F7E70022F5E700BF00030050F5
:103CC00000F01F01400907D0012808D1054A01234F
:103CD0008B40C2F80C3570474FF0A042F7E7002246
:103CE000F5E700BF000300502DE9F04F85B007460F
:103CF00088469146002420E04FF0FF3633E0C9F8B3
:103D000008650295012303930021B6F1FF3F12D00D
:103D1000002942D057F80A3013F4004F41D1039DD7
:103D200000220192CDF800B0C3F34123029A294644
:103D30003046FFF789FF0134E4B2444534D24FEAFC
:103D4000840A57F82430C3F3C725C3F3C322C3F34F
:103D5000080615F0080529D1164911F802B040F2FD
:103D6000FF129642C8D01B0E052B08D0062B0DD093
:103D7000042BC4D06FF0850005B0BDE8F08FC9F802
:103D80000C650123029303930021BEE7C9F8106577
:103D9000029503954FF0FF31B7E7304605F07BFE03
:103DA000B8E701220292BBE70020E5E76FF01500BB
:103DB000E2E700BF9CC10000014B01221A6070477E
:103DC00000C0004003690C2910D15B6A094901FB5E
:103DD00003F3094880FB0310D917C1EBA041116020
:103DE000064800FB11335360002070476FF08500D8
:103DF000704700BF90D0030083DE1B4340420F009A
:103E00002DE9704384B00469A36A7BB33F2901D0D4
:103E10000C292ED104F110064FF0FF384FF0FF3976
:103E200042464B46304602F05BFB00250195029569
:103E30000395114B0193032302936946A06A04F092
:103E4000C7FE42464B46204602F064FCA06A04F0DE
:103E50001EFF0A4BD3F80825626201225A603046E1
:103E600002F0BEFB284604B0BDE870836FF00A0084
:103E7000F9E76FF08500F6E7B93D000000C00040AB
:103E800010B504690020FFF783FCA0624FF0FF32F9
:103E90000021204606F00FFF04F1100006F004FF99
:103EA000002201210C2005F02FF90C2005F022F949
:103EB000024B0122C3F80423002010BD00C00040C3
:103EC00008B50069044B0022C3F80021D3F8003183
:103ED00002F0DCFB08BD00BF00C0004000F01F0185
:103EE000400907D0012808D1054A01238B40C2F8B8
:103EF000083570474FF0A042F7E70022F5E700BF12
:103F00000003005000F01F01400907D0012808D12C
:103F1000054A01238B40C2F80C3570474FF0A04290
:103F2000F7E70022F5E700BF00030050144B98426A
:103F300016D2144B984215D2134B984214D2134BFD
:103F4000984213D8124B984212D8124B984211D86B
:103F5000114B984210D8114B98420FD91048704716
:103F60000748704707487047074870470D48704733
:103F70000D4870470D4870470D4870470D48704711
:103F80000048E8010024F40000127A00FF083D0018
:103F90007F841E003F420F001FA107008FD0030047
:103FA00090D0030000093D0080841E0040420F00B5
:103FB00020A1070048E8010038B504460020034668
:103FC00005E0626B02EBC302526810440133A26B3E
:103FD0009342F6D30022134605E0E16B01EBC301E7
:103FE00049680A440133216C8B42F6D3824238BFC0
:103FF00002464FF4FA5303FB02F0254655F8203BE6
:104000001B68B0FBF3F0C830410CC00340F2E7334B
:10401000C0184FF47A724FF0000341F10001FCF731
:104020006FF802460B46284602F074FB08B9206B75
:1040300038BD044A0121044804F02DFF6FF07300DD
:10404000F6E700BFC0C100006CB500002DE9F043E9
:104050008BB000AF05460C460669D0F80480D8F84E
:10406000089096F85D301BB13368994200F0ED80FE
:10407000A28812F4006F59D112F0010F5ED112F034
:10408000080F40F0AF80C2F34512082A40F0B2801A
:1040900022686F4B9A4240F2B58007F1080C08F194
:1040A0000C0EBEE80F00ACE80F009EE80F008CE895
:1040B0000F002068484528BF4846FFF737FFF861E2
:1040C000A38813F0020F00F0A58013F0040F00F096
:1040D000A680032387F82030A38813F0100F00F088
:1040E000A280012387F82130D8F80030D3F80805E2
:1040F000A188C1F3400105F038FD96F85D30002B32
:1041000040F093802B46534A07F10801404601F0E6
:1041100023FD514B984240F08F80012386F85D309B
:10412000346000202C37BD46BDE8F0834B4A0121A6
:104130004B4804F0B0FE6FF08500F3E729686D4648
:1041400000233B7102237B7188B06C4614F110028E
:1041500011D00E201AB1042801DD424B6361002307
:104160003B7002237B709AB1082800DDA16104F145
:104170001C0300210AE06FF00040EBE701F1280684
:104180003E4416F8286C03F8016B01310129F5D97A
:104190000D2824DD0E2342B10321397100217971EC
:1041A000B9710121F9717868206100216FF3000174
:1041B0006FF341016FF382016FF3C501012060F3DA
:1041C0008811C3F30A0363F353216FF31F510023D4
:1041D0002348FDF7F3FAAD466FF01500A2E76FF044
:1041E0001B03D8E7204A01211D4804F054FE6FF05C
:1041F000150097E71D4A0121194804F04CFE6FF0A5
:1042000015008FE71A4A0121154804F044FE6FF0AB
:10421000150087E713F0040F03D001235AE70223A8
:1042200058E7002356E700235CE7404601F0CCFC4A
:10423000002386F85D3065E703460E4A01210848F1
:1042400004F033FE6FF004006CE700206AE700BF63
:1042500047E801003D4300000000AD0BE8C100004D
:104260006CB5000004C2000028C2000048C2000073
:1042700078C20000ACC200002DE9F04184B00546D0
:1042800004694768A26C002A49D0236D002B48D0EE
:10429000934228BF1346002B4BD0616CD4F84C805E
:1042A0003E8E9E4200D31E4669B162B101F060436A
:1042B000B3F1005F07D0082E00D908263246206EE1
:1042C00006F025FF216EE26C5AB1236D4BB108F068
:1042D0006043B3F1005F04D0082E00D90826D4F85B
:1042E0006480A6650091636CEBB1A36CEBB901939C
:1042F000CDF80880DAB1236D03B91E46039600227B
:104300006946384601F0AEFC0B4B984204D06FF082
:104310000401284605F0C7FC04B0BDE8F081236D18
:10432000B9E71346B7E70023E1E73346DFE70026A6
:10433000E4E70021EDE700BF0000AD0B10B50C690C
:104340000378002B4BD1A26DC2B1E36C4BB1216D50
:1043500039B1C16829B1994203D0616E184606F09F
:10436000D6FEA26DA36CA3B19A420DD89B1AA3648A
:10437000E3B1636C6BB1134463640AE06FF07301E3
:10438000606D05F090FC2AE01E4A01211E4804F0F1
:1043900082FDA26D236DFBB19A4218D89B1A23654A
:1043A000F3B1E36CC3B11344E36415E0636B08330A
:1043B0006363A36B013BA363012304F1480204F18F
:1043C000380104F1340005F0D8FB6064E1E70D4AE0
:1043D00001210D4804F05FFD606DFFF74DFF10BD3A
:1043E000E36B0833E363236C013B2364012304F193
:1043F000500204F1400104F13C0005F0BEFBE06412
:10440000EAE700BFD4C200006CB500002DE9F0431C
:1044100083B004460D4690461F460669D0F80490C6
:1044200000910C9B0B9A9DF82810304605F058FC23
:1044300029462046FFF70AFE0546E8B9012386F81B
:104440005C30D9F83810B1F1FF3F1DD101233A4655
:104450004146304605F0A8FB00220121304605F018
:10446000D3FB2046FFF708FF3046FFF7A5FD0546C2
:1044700010F1740F15D028BB2946304605F023FCF7
:10448000284603B0BDE8F08309F13C0005F085FC47
:1044900010F1740FDAD10E4A02210E4804F0FBFC31
:1044A000D4E70027B765484601F08EFB86F85D70BB
:1044B0006FF07301204605F0F6FB06F1200002F0D4
:1044C00051F9D9E70121204605F0BEFBD4E700BF32
:1044D000F4C200006CB50000F0B583B000AF054633
:1044E00084685BE023681E6821796D4600233B7178
:1044F00002237B718AB06C4614F1100215D0122091
:104500001AB1042801DD314B636100233B700223A3
:104510007B70C2B10346082800DDA6610C2B00DDCC
:10452000E16104F1200300210BE06FF00040E7E7B8
:1045300001F1080606EB070C1CF808CC03F801CBC8
:1045400001310129F4D9112824DD122342B10421BB
:10455000397100217971B9710121F971786820618F
:1045600000216FF300016FF341016FF382016FF3DC
:10457000C501012060F38811C3F30A0363F35321DB
:104580006FF31F5100231248FDF718F9AD466FF085
:10459000120017E06FF01B03D8E70834AB68EA6835
:1045A00003EBC2039C420CD2206806F098FA002864
:1045B00098D04FF4B011204605F09DFA0028ECDAAF
:1045C00000E000200C37BD46F0BD00BF20C3000056
:1045D0006CB50000F8B50546466807690021706BA8
:1045E00005F0AEFB041E12DBB16BB1F1FF3F10D141
:1045F000F36A98473846FFF76FFF041E07DB38461B
:1046000005F02BFB0E49284605F09DFA044620468E
:10461000F8BD06F13C0000F043F8044610F1130F1A
:1046200008D010F1050FE3D1064A0121064804F035
:1046300032FCECE7054A0121034804F02CFCE6E7D4
:10464000719D000070C300006CB5000044C3000001
:1046500070B400F01F0C400919D001281AD10E4D7A
:104660000CF5E07055F820600C4C344041EA4201F2
:1046700041EA83039DF80C2043EA02239DF81020B1
:1046800043EA0243234345F8203070BC70474FF0A3
:10469000A045E5E70025E3E700030050F0F8FCFF44
:1046A00030B587B004460D4601238DF8173002233C
:1046B0008DF80C300DF1160104910DF117030093E4
:1046C00003AB01930023029306F020F80C4B9842B1
:1046D00012D16A462946204605F0F8FF084B984259
:1046E00002D1002007B030BD9DF81610204606F01C
:1046F00009F86FF00400F5E76FF01200F2E700BF71
:104700000000AD0B21F07F4100F5A870014B43F88C
:1047100020107047001001404FF480338340024A5C
:10472000C2F84433704700BF001001404FF480339B
:104730008340024AC2F84833704700BF001001406E
:10474000014BD3F804057047001001402DE9F843F0
:10475000054689469046FFF7E9FF284605F0A9FB84
:104760004E46032710E0FFF7EBFF0446494605F0ED
:104770008FFBB0F5000F26D9284605F09AFBB8F15B
:10478000000F22D13E19013731462846FFF7BAFF04
:104790002846FFF7C1FFFFF7D3FF0446C11C304690
:1047A00005F076FB0A4B98420AD9284605F074FBBF
:1047B0000028D8D1B8F1000FE4D06FF0150000E068
:1047C0000020BDE8F8830020FBE76FF01500F8E754
:1047D000FDFF7F00034B044AC3F80823C3F84823B6
:1047E000704700BF0010014003000F0010B5012307
:1047F00083406FEA030C0E4ABFF35B8F52E8001F41
:1048000001EA0C0E42E800E4002CF7D1BFF35B8F05
:104810004FF4803282400748C0F80823BFF35F8F0F
:10482000BFF36F8F0B4214BF0120002010BD00BFEB
:1048300038150020001001404FF480338340144AA3
:10484000D2F80423134201D10020704710B504466A
:1048500001238340DB430F49BFF35B8F51E8002FF7
:1048600002EA030041E8000CBCF1000FF6D1BFF3EF
:104870005B8F22FA04F313F0010F03D1204605F0F9
:104880000BFB18B1204605F014FB012010BD00BF42
:10489000001001403415002001B970470123834006
:1048A000114ABFF35B8F52E800CF4CEA030C42E899
:1048B00000C10029F7D1BFF35B8F4FF480338340F1
:1048C0000A4AC2F80433BFF35B8F094B1B68BFF37E
:1048D0005B8FC34013F0010FDFD0064B4FF4003263
:1048E000C3F80021D9E700BF3815002000100140AF
:1048F0003415002000E100E038B514461046194692
:1049000005F0E3FA02460D490B68E01A1B184C68E3
:1049100044F100040B604C60A2F50013B3F5400FA6
:1049200009D2074B1B68190A1B06D41841F1000570
:10493000044BC3E9004502F075FD38BD980C00201A
:104940003C150020A00C002038B50D4B1C68250A32
:104950002406BFF35F8FFFF7F3FE0346001945F10E
:104960000001B3F5801F0AD2064BD3E90023904221
:1049700071EB030303D210F1807041F1000138BDE7
:104980003C150020A00C00202DE9F04106461446FD
:104990001D469DF820801046194605F096FA0746F8
:1049A000FFF7D2FFA04271EB050319D2201A65EB85
:1049B00001011D4B984271F100012FD21B4B03EBFB
:1049C0000613D3E90223AB4208BFA24201D1002063
:1049D00018E0424639463046FFF7B8FE90B11BE07A
:1049E000B8F1000F1DD10123B340114ABFF35B8F13
:1049F00052E8000F184342E800010029F8D1BFF344
:104A00005B8F0020094B320103EB0616C6E9024515
:104A100006999950079B7360BDE8F0816FF015000F
:104A2000FAE76FF01500F7E701008000880C00201E
:104A30003415002030B585B0FFF7CCFE00231E4AA8
:104A4000C2F80835002B25DD1B4C0225C4F80453A1
:104A50001A4B4FF40032C3F88021002201211120AB
:104A600004F052FB112004F045FB0123A3602360F6
:104A7000134A1360002402940194124B0093124ACB
:104A80000023204605F031FA2846FEF789FE20462D
:104A900005B030BD0D4A02EB03124FF0FF304FF06E
:104AA000FF31C2E902014FF480329A400249C1F855
:104AB00004230133C6E700BF0010014000E100E01D
:104AC00038150020F9480000FFFF7F00880C002007
:104AD0002DE9F04782B00446FFF7AEFE10B902B0F0
:104AE000BDE8F087FFF730FF82460D4605F0F0F98C
:104AF0000646154B03EB0413D3E90289C24575EB57
:104B000009050BD20025304605F0EAF9002DE6D064
:104B1000009742464B462046A847E0E70A4A230151
:104B200002EB0411D5584F680020D0504FF0FF32EF
:104B30004FF0FF33C1E902232046FFF7F7FD20467F
:104B400005F0B7F9DFE700BF880C002010B50D4B6A
:104B5000D3F8043313F0020F03D10024002C0BDD33
:104B600010BD0221074805F05DF90028F5D0064A7E
:104B7000136801331360F0E72046FFF7A9FF013403
:104B8000ECE700BF001001403C15002010B584B0D8
:104B9000B0F1FF3F18D001281BDD154B9842A8BF8C
:104BA00018460446134B01221A70FFF7CDFE124B34
:104BB0001A685B68801AB0F5000F0CD20444B4F593
:104BC000000F09D30A4C07E00A4B00221A70084C68
:104BD000EBE70124E6E7064C002012190290019051
:104BE0000649009143F1000305F07FF904B010BDC0
:104BF000FFFF7F0082170020980C0020F94800007A
:104C000008B5FFF7A1FE024B1B68C01A08BD00BF24
:104C1000980C0020BFF34F8F0549CA6802F4E06288
:104C2000044B1343CB60BFF34F8F00BFFDE700BFC2
:104C300000ED00E00400FA05024BD3F80034002B2D
:104C4000FAD0704700E0014008B5034BC3F80405F3
:104C5000FFF7F2FF08BD00BF00E0014008B505F016
:104C600070F940B14FF080430022C3F80C21C3F823
:104C70001021C3F8382505F06EF9002846D04FF012
:104C80008052D2F804144B4BC3F82015D2F8081404
:104C9000C3F82415D2F80C14C3F82815D2F8101450
:104CA000C3F82C15D2F81414C3F83015D2F8181420
:104CB000C3F83415D2F81C14C3F84015D2F82014E8
:104CC000C3F84415D2F82414C3F84815D2F82814B0
:104CD000C3F84C15D2F82C14C3F85015D2F8301480
:104CE000C3F85415D2F83414C3F86015D2F8381448
:104CF000C3F86415D2F83C14C3F86815D2F8401410
:104D0000C3F86C15D2F84424C3F8702505F02DF9CA
:104D100018B1294B294AC3F88C2605F039F918B186
:104D2000274BFB22C3F8182505F045F970B14FF069
:104D30008041D1F8E43E23F00F034FF08052D2F8C7
:104D4000582202F00F021343C1F8E43E05F046F981
:104D500020B11C4B4FF40072C3F8402605F051F906
:104D600060B14FF08043D3F8003413F0010F05D049
:104D70004FF080436FF00102C3F8002405F05BF9A7
:104D80004FF01023D3F80C3213F0010F00D108BDFF
:104D90000120FFF759FF4FF01022D2F80C3223F018
:104DA0000103C2F80C32FFF747FF0020FFF74CFF6A
:104DB000FFF730FF00C00040005000404881030072
:104DC00000F000400090024010B50468CCB1B4FA85
:104DD00084F3C3F11F03DBB201229A4024EA0202EA
:104DE000BFF35B8F50E800CFA44504D140E8002E0C
:104DF000BEF1000FF6D1BFF35B8FE6D10B70024816
:104E000010BD0248FCE700BF0000AD0B0200AD0B77
:104E10000368CB4013F0010F15D100B502680123E0
:104E20008B401343BFF35B8F50E800CF944504D110
:104E300040E8003EBEF1000FF6D1BFF35B8FEDD12D
:104E400002485DF804FB0248704700BF0000AD0B4C
:104E50000400AD0B70B582B00646C0B1012832D156
:104E600004224FF4807301214FF08040C0F80813F2
:104E7000024401211160034400221A601B688DF86E
:104E800007108E4208D0002542F210740CE00C226C
:104E90004FF482730221E7E70DF10705F4E70120E3
:104EA00005F0D9F8013C0CD02A4631464FF080403D
:104EB00005F0D5F828B1002DF1D09DF80730012B71
:104EC000EDD0012E01D002B070BD024B00225A710C
:104ED000F9E700BF40150020064B1B793BB9054B95
:104EE000186001221A7100225A7103487047034862
:104EF000704700BF401500200000AD0B0C00AD0B4B
:104F000008B5064B1B680BB105F0C7F805F0C3F8F0
:104F10004FF08043C3F8180508BD00BF40150020BE
:104F200000B583B020B1012849D003B05DF804FB7F
:104F30004FF08043D3F81824D3F8183403F0030358
:104F4000019312F4803F13D14FF08043D3F814340F
:104F500013F0010F10D105F09EF80190019A4FF067
:104F60008043C3F8182508224FF4827302202AE0F8
:104F700001A805F09BF8F1E74FF08043D3F81C340B
:104F800003F00303019301A805F090F80028E5D091
:104F9000194B1B682BB14FF080430222C3F8042346
:104FA000C3E74FF08043D3F80431002BF9D04FF022
:104FB00080430022C3F80421D3F80431B5E700226E
:104FC0004FF48073012003F18043002119601968B8
:104FD00002F1804201211160074A126822B14FF0AC
:104FE0008043C3F80403A0E71A68002AFCD000221B
:104FF0001A601B6899E700BF4015002010B54FF0FC
:105000008043D3F8044308E01D4B5B792BB91C4B5C
:1050100001225A711A4B1B68984784B3B4FA84F082
:10502000C0F11F000122824083009BB203F5807310
:105030009BB2C0B292B224EA020403F18043196821
:105040000029EAD0002119601B684FF08043C3F8A3
:105050000823012AD8D0022ADCD14FF08043D3F8AC
:105060001814D3F8183413F0030FD3D14FF0804342
:105070000121C3F81815C3F804239960CDE710BDCA
:105080004015002070B400F01F0C400919D0012811
:105090001AD10E4D0CF5E07055F820600C4C3440E0
:1050A00041EA420141EA83039DF80C2043EA0223CE
:1050B0009DF8102043EA0243234345F8203070BC9A
:1050C00070474FF0A045E5E70025E3E700030050F7
:1050D000F0F8FCFFF0B51C46059F069E00F01F0C83
:1050E000400936D0012837D1284D0CF5E07355F82A
:1050F000233099B301209AB34FF0020E40EA0E001C
:105100008CB34FF00C0E40EA0E007FB34FF4E06E0C
:1051100040EA0E006EB34FF4403E40EA0E0023EA30
:10512000000049B30B784AB31278520013433CB3E2
:105130002278920013432FB33A78120213431EB31E
:1051400032781204134303430CF5E07C45F82C300D
:10515000F0BD4FF0A045C8E70025C6E70020CAE72C
:105160004FF0000ECAE74FF0000ECCE74FF0000EF4
:10517000CEE74FF0000ED0E70023D4E70022D5E7BA
:105180000022D7E70022D9E70022DBE70003005026
:1051900000F01F02400908D0012809D1054BD3F8BF
:1051A0001005D04000F0010070474FF0A043F6E733
:1051B0000023F4E70003005000F01F03400909D06A
:1051C00001280AD1064A03F5E07352F82300C0F320
:1051D000014070474FF0A042F5E70022F3E700BF1F
:1051E0000003005000B583B084468E460D4B93E813
:1051F000030002AB03E9030063460BE002A901EBE5
:10520000830151F8081CD1F8200542F8040BC1F8BD
:10521000200501330CEB0E009842EFD803B05DF887
:1052200004FB00BFD0B5000000F01F01400907D00B
:10523000012808D1054A01238B40C2F82035704768
:105240004FF0A042F7E70022F5E700BF000300504F
:105250004309034AD35C00F01F001844C0B27047F2
:1052600024C4000000487047000600202DE9F041EA
:1052700084B005460C4616461F460846FFF7E8FF71
:10528000804656B32146284605F008F828B1214645
:10529000284604F0C3FF002841D12146284604F0E7
:1052A000CCFF10B17378012B39D001238DF80F306A
:1052B000002301930096B31C721C0DF10F012046D0
:1052C000FFF708FF2879FFF7CDFF08F1080230F853
:1052D000123043F0030320F81230002F39D021465A
:1052E000284604F0DBFF002835D13E782B6806F510
:1052F000A272002143F822102879FFF7B3FF08F1CA
:10530000080230F8123023F02003DB04DB0C20F815
:1053100012307B782BB9114804B0BDE8F0811048F9
:10532000FAE7BA78009222463146286804F0F1FE86
:105330002879FFF797FF024608F1080032F810308D
:105340007603B6B2334343F0200322F8103003480B
:10535000E2E70248E0E70248DEE700BF0000AD0BED
:105360000400AD0B70B506460D46144604F056FF1A
:1053700068B13079FFF776FF06462846FFF768FFE9
:10538000083036F810305B0B2370024870BD0248BD
:10539000FCE700BF0000AD0B0400AD0B30B583B0DF
:1053A00005460191002400E00134012C18D80E4B71
:1053B0001B5D03F0070202A901EBD30313F8043CC1
:1053C000D34013F0010FEFD005EB840201212046FA
:1053D000FFF708FF55F82430002BE5D0012000E04E
:1053E000002003B030BD00BF34C400002DE9F041FF
:1053F00082B00546884616461F4605F0ADF8AEB3A6
:105400003A463146284604F0B7FF041E20DB2879CF
:10541000FFF728FF40F834602879FFF723FF00EBFF
:10542000C40047602879FFF71DFF05464046FFF797
:105430000FFF083035F81030E4B26402A4B2234301
:1054400043F4807325F81030094802B0BDE8F081BC
:105450002879FFF707FF0DF107017830FFF7B4FC5B
:10546000034B9842F1D19DF80740D0E70048ECE7A4
:105470000000AD0B2DE9F04385B004460D461746FC
:105480000846FFF7E5FE0646D7F80080B8F1000FA2
:1054900028D02946204604F0F0FE00284FD10023F2
:1054A0008DF80E308DF80F300193009343460DF1C7
:1054B0000F020DF10E012846FFF70CFE2079FFF7D1
:1054C000D1FE06F1080830F8183023F0020320F866
:1054D00018302079FFF7C6FE30F8183043F001038A
:1054E00020F818307B68F3B193F80080D3F804906B
:1054F0002946204604F0B2FE18B3B9F1000F65D179
:105500002079FFF7AFFE083630F8163023F01C0381
:1055100020F816302079FFF7A5FE30F8163043EA60
:10552000880320F81630BA68002A53D053681268EE
:1055300029462046FFF75AFF05B0BDE8F08326480C
:10554000FAE72079FFF78EFE06F1080230F81230F4
:1055500023F02003DB04DB0C20F81230B9F1000F3C
:10556000CED0B8F1030F33D87B685B6893F8009016
:10557000B8F1000F06D1236809F5A279002243F89B
:105580002920BDE7404604F091FE0346216809F555
:10559000A27C51F82C2022F0030241F82C202A464C
:1055A0004946206804F09CFD2079FFF75BFE06F178
:1055B000080230F812304FEA49391FFA89F943EAF4
:1055C000090343F0200320F8123099E70248B3E7BB
:1055D0000148B1E70148AFE70400AD0B0000AD0B97
:1055E00038B505460C4604F00AFE08B9074838BD30
:1055F0002146284604F08BFE2146284604F0D7FFBA
:10560000204604F0E0FD0248F1E700BF0400AD0BC6
:105610000000AD0B70B582B005460E460079FFF76D
:1056200021FE90F8803013B10B4802B070BD0446E3
:1056300060220021103005F078FD236F00930023D5
:1056400032464FF00041286804F0DBFF012384F864
:105650008030A3670148E8E70C00AD0B0000AD0BFC
:105660002DE9F04383B080460F4600230093019359
:10567000C96F6846FFF792FE4BE094FAA4F4B4FABF
:1056800084F404F01F05254B9B5D45EA431528462D
:10569000FFF7DEFD083037F81090C9F382090DEBF3
:1056A0008603E00804F007041A5C0121A14022EA05
:1056B00001021A542846FFF77FFD03464A46294651
:1056C000384604F009FF2846FFF7AEFD02AB03EBB6
:1056D000860353F8084C002CCFD10136012E0DD88B
:1056E0000F4B9B5D07F17C02D90803F00703525C66
:1056F00022FA03F313F0010FEFD0E7E73A6F4FF010
:105700000041404604F041FDF96F6846FFF746FE50
:1057100008B10026E2E703B0BDE8F08338C400001A
:1057200034C4000008B50249024804F0B5FF08BDC2
:10573000000600200060004070B400F01F0C40091B
:1057400019D001281AD10E4D0CF5E07055F82060E3
:105750000C4C344041EA420141EA83039DF80C209D
:1057600043EA02239DF8102043EA0243234345F80D
:10577000203070BC70474FF0A045E5E70025E3E717
:1057800000030050F0F8FCFF00F01F01400907D0B3
:10579000012808D1054A01238B40C2F8083570471B
:1057A0004FF0A042F7E70022F5E700BF00030050EA
:1057B00000F01F01400907D0012808D1054A012344
:1057C0008B40C2F80C3570474FF0A042F7E700223B
:1057D000F5E700BF0003005070B582B00C460379B6
:1057E000097C03EBC3021B4B03EB82039A7F61F33B
:1057F00041029A77E37E4BBB6269174B9A4227D0EE
:105800000026237E012B94BF0023012300933346FF
:1058100000220121206805F06CF800250095334630
:105820002A460121606805F064F800953346A27E9F
:105830002946A06805F05DF8237C83F001030093FE
:1058400033462A460121E06805F053F802B070BDE6
:105850000326D6E7481500200048E8011B4B994273
:105860002AD014D81A4B994228D004D9194B9942FE
:105870000BD000207047184B994221D0174B99420A
:1058800001D0002070470120704701207047144B61
:10589000994217D004D9134B99420BD0002070477E
:1058A000114B994210D0114B994201D00020704702
:1058B0000120704701207047012070470120704788
:1058C00001207047012070470120704780841E002E
:1058D00020A1070040420F0048E8010090D00300DB
:1058E0000024F4000048E80100093D0000127A009D
:1058F000224B984226D009D9214B984231D018D951
:10590000204B984236D14FF0A05070471E4B984222
:105910001BD005D91D4B984220D14FF080507047C5
:105920001B4B984214D01B4B984214D14FF080600F
:105930007047194B984217D0184B984217D14FF027
:10594000004070474FF0005070474FF000607047C4
:105950004FF0007070474FF0804070474FF080402C
:1059600070474FF0206070474FF0804070474FF015
:10597000804070474FF08040704700BF80841E0019
:105980000024F4000048E80120A1070040420F0075
:1059900048E8010090D0030000093D0000127A00A1
:1059A00008B54969FFF75AFF08B1024808BD024827
:1059B000FCE700BF0000AD0B0400AD0B2DE9F04784
:1059C0008AB005460C4690F804A04869FFF790FF9E
:1059D0008146E27EDFF88C800AEBCA0708EB870776
:1059E000BB7F62F30003BB7721462846FFF7F4FE36
:1059F000E3683B62217CBA7F61F34102BA77236896
:105A0000009363680193A3680293A37C8DF80C3024
:105A1000CDF81090237E8DF81430637E8DF815300C
:105A20004FF0FF330693079300238DF820308DF855
:105A3000213002238DF82230237F8DF824306946EF
:105A4000286804F0BBFE2B7903EBC30358F823301E
:105A500023B1286840F3073003F04CFB0AB0BDE8DF
:105A6000F08700BF4815002070B584B004460D468D
:105A70009C46136823B103F06043B3F1005F06D185
:105A800093684BB103F06043B3F1005F04D000238F
:105A90006B772F4804B070BD1CF0010F2ED001238E
:105AA000C4F850351CF0020F2CD00123C4F8403547
:105AB0000FCA04AE06E90F00C4F84405C4F848153F
:105AC000C4F83425039BC4F838350023C4F81831D2
:105AD000D4F818310723C4F800351CF0080603D1A8
:105AE0002B689BB1012323612B68FBB11CF0040FD1
:105AF00029D04023C4F808331648CBE70023C4F864
:105B00005035CFE70023C4F84035D1E701232361A6
:105B1000D4F81831002BFBD0D4F81831002BE3D087
:105B20000023C4F81831D4F81831DDE700212846E5
:105B300004F008FF0EB10748ACE72946204604F000
:105B400019FF0448A6E74023C4F804330148A1E73D
:105B50000A00AD0B0000AD0B2DE9F0410D461F46CC
:105B6000047904EBC403154901EB83010B7F1BBBD4
:105B7000064690463DB12946FFF712FF104B98426A
:105B800001D0BDE8F0810D4B04EBC40203EB8201B0
:105B900043F822804F601DB129463046FFF70EFFC3
:105BA000064B04EBC40203EB82020021517713463B
:105BB00001221A770248E4E70248E2E7481500208C
:105BC0000000AD0B0C00AD0B2DE9F04184B0054693
:105BD000047904EBC4014FEA8108204E06EB8107EB
:105BE000006840F3073003F08AFA56F808303BB1FA
:105BF0002B681B4AC3F808233946286804F0BAFE0C
:105C00002B68D3F808050190D3F80C550295D3F80A
:105C10001065039604EBC402104B03EB82039B7FD9
:105C200013F0010F09D004EBC4040C4B03EB840305
:105C300000221A7704B0BDE8F08104F07BFE304604
:105C400004F078FE284604F075FE04EBC402034B12
:105C500003EB8203186A04F06DFEE4E748150020A8
:105C600052010800F8B590F804C00CEBCC03154DB8
:105C700005EB83056B7F1BBB06460C4617460CEBFA
:105C8000CC03104A52F8233023B117F0140F01D17E
:105C900001226A770CEBCC0C0A4B03EB8C0C0CF159
:105CA0000C0C94E80F008CE80F000121284604F04A
:105CB00049FE3B46224629463068FFF7D5FEF8BD2F
:105CC0000148FCE7481500200B00AD0B08B5024960
:105CD000024804F07CFE08BD48150020003000405A
:105CE00010B5134CA8220021204605F01EFA03230C
:105CF000236163610F4AA2610F4BE3614FF480633C
:105D000023620023A3626362E36222660B4A626637
:105D10001022A2662367E366636706E0C3F10F0201
:105D20000749895C024AD15401330F2BF6D910BDC3
:105D3000100400203CC400001000002000000020DF
:105D400048C4000008B500230F2B0AD8094AD25CCA
:105D5000D2B2C3F10F010848415C8A4204D1013339
:105D6000F2E7002313B908BD0123FBE7FFF7B8FFF3
:105D7000F9E700BF1004002048C400002DE9F843F3
:105D800004460E461546304B00EB400003EBC000C6
:105D9000826A476A601C00EB400003EBC00358684E
:105DA0003844BA423CD804EB4401274B03EBC1030F
:105DB000D3F82080A8EB070909F1FF339D4204D9ED
:105DC00013449D420ED900202FE02A46314605F0AB
:105DD0009EF92F4404EB44041B4B03EBC4035F62A6
:105DE000012022E04A46314605F091F9A7EB080868
:105DF00018EB050507D104EB4404134B03EBC40374
:105E00005D62012011E0631C03EB43030E4A02EBC9
:105E1000C3032A4606EB0901586805F078F9EAE75A
:105E2000D21B013AAA4202D20020BDE8F8832A46DA
:105E300005F06DF92F4404EB4404034B03EBC4035A
:105E40005F620120F1E700BF10040020F8B50F46A3
:105E50001646451C05EB4505164B03EBC50500EB47
:105E6000400003EBC003DC6A012C11D0022C1CD0D3
:105E700014B100242046F8BD284604F0B7FD864240
:105E8000F8D832463946284604F0BCFD3446F1E7DE
:105E9000284604F0ABFD3446864228BF044622461D
:105EA0003946284604F0AEFDE4E7284604F0CCFD70
:105EB0000446DFE710040020F8B504460E461746F6
:105EC0000A4B1B78DBB2532B0DD104F0F5FD0546D0
:105ED0003A4631462046FFF7B9FF0446284604F00B
:105EE000F3FD2046F8BDFFF7FBFEEEE710040020AF
:105EF000064B00EB400203EBC202926A00EB40004B
:105F000003EBC003586A801A704700BF10040020DA
:105F1000034B00E01433034A9342FBD3704700BFA6
:105F2000BCB2000034B3000004280CD8DFE800F055
:105F3000030D0507090006487047064870470648E4
:105F4000704706487047064870470648704700BFCC
:105F50005CC4000080C4000090C400009CC4000029
:105F6000ACC400006CC4000030B108B504F0DEFE23
:105F700020B1037823B108BD024870470148FAE711
:105F80000048F8E7BCC4000010B50446FBF71CFB52
:105F9000034A0121034802F07EFF204604F0AFFDD2
:105FA000C4C400005CB500002DE9F04782B000AF2A
:105FB00005460C46EFF31188202383F31288BFF3C4
:105FC0006F8FDFF8C491D9F80860FFF7ADFF99F83B
:105FD0001010E94601233B7103237B718AB0EC4624
:105FE0001CF1100221D04FF0160E5AB17346BEF1CB
:105FF000040F03DDDFF894A1CCF814A0082B01DD19
:10600000CCF8185001233B7003237B70D2B1734648
:10601000BEF10C0F01DDCCF81C00102B01DDCCF81B
:1060200020100CF1240300210AE06FF0004EDCE7A1
:1060300001F10800384410F8080C03F8010B013195
:106040000129F5D9BEF1150F50DD16234AB10521FE
:10605000397100217971B9710121F9717868CCF831
:10606000100000216FF300016FF341016FF3820113
:106070006FF3C501012060F38811C3F30A0363F3D2
:1060800053216FF31F5100234148FBF797FBCD4687
:106090001CB1E369C3F308035BBB3046FFF764FF41
:1060A000E94601233B7103237B718AB0EC461CF166
:1060B000100224D04FF0120E52B17346BEF1040FFD
:1060C00002DD3449CCF81410082B01DDCCF818603F
:1060D00001233B7003237B70F2B1BEF10C0F01DD95
:1060E000CCF81C000CF12003002113E06FF01B031F
:1060F000ACE7294A0121264802F0CDFECDE76FF03A
:10610000004ED9E701F10800384410F8080C03F8F4
:10611000010B01310129F5D9BEF1110F31DD122337
:106120004AB10421397100217971B9710121F971E4
:106130007868CCF8100000216FF300016FF3410183
:106140006FF382016FF3C501012060F38811C3F37F
:106150000A0363F353216FF31F5100230C48FBF72D
:106160002DFBCD4621462846FFF70EFF88F3118808
:10617000BFF36F8F3046FCF787FC0837BD46BDE89C
:10618000F0876FF01B03CBE76C150020D4C4000030
:106190005CB5000020C50000FCC4000038B5054611
:1061A0000A4B53F8204002E02368984708346B1CE0
:1061B000064A52F82330A34206D96368002BF3D075
:1061C000204604F0A4FCF1E738BD00BF48C500003C
:1061D00010B586B0B023114C03FB004400EB400C1B
:1061E00000EB80000E4B03EB80030E4A0592012268
:1061F00004920F22039200220292019200930A4B12
:106200004FF4A072094901EBCC11204600F0FEFAD0
:10621000637B23F00403637306B010BDA80C002059
:106220006C15002038C5000063AC0000402300203E
:1062300008B553EA020102D100F0A4FE08BD0249EC
:10624000183001F069F8F9E72BAF000010B586B0FF
:10625000184C14E0636A0593236A0493E36903937B
:10626000A36902936369019323690093E368A268B9
:106270006168206800F0CAFA23685C6530340E4B10
:106280009C42E7D300F08EFD0A4C00E030340A4B0C
:106290009C420BD2A26AE36AB3F1FF3F08BFB2F19E
:1062A000FF3FF3D02068FFF7C3FFEFE700F092FD58
:1062B00006B010BDB4B40000B4B4000008B50B4B78
:1062C00001221A700320FFF769FFFBF72FFE04F08D
:1062D0003EFC0420FFF762FFFFF7B8FFFAF7B4F8BF
:1062E000034A137B23F00103137308BD83170020B7
:1062F000580D002008B50146014A0248FCF7C8FCC9
:10630000BD620000580D002008B50348034A121A68
:10631000002104F014FC08BD980700208417002019
:1063200010B50446FFF754FFB0230B4903FB0411DB
:106330000A4A04EB840302EB8303D9601C7404EB68
:106340004411074B03EB811303F5046304EB84044E
:1063500002EB8402536010BDA80C00206C150020D5
:10636000001B002070B586B000F06CFD104D114B85
:106370005D61114B0593012304930024039402945F
:10638000019400940D4B4FF480620D49284600F0B3
:106390003DFA06466B7B23F004036B73284604F03A
:1063A0005CFD2046FFF7BCFF304606B070BD00BF65
:1063B000580D00206C15002040C50000BD62000093
:1063C000C024002008B50020FFF7E8FE1E4B83F331
:1063D00008881E4C636943F400736361E02384F80A
:1063E00022300025E57725766576A57684F820505D
:1063F000636A43F4E023636284F82350FCF7C0FA35
:10640000FCF766FC4FF0FF33A362E362FCF752FD3A
:10641000FCF78EFCFBF740F80D4B01245C731C73FA
:10642000C3F89450C3F89850C3F8A050094A936039
:10643000FFF76EFD2046FFF7B1FE0220FFF7AEFE2C
:10644000FFF790FFFFF756FF4023002000ED00E02C
:10645000080E00206C15002010B5064C002000E04E
:106460001C34054B9C4204D2204604F071FB0028EA
:10647000F6DA10BD340700203407002030B583B0B1
:106480000D46EFF31181202484F31288BFF36F8F40
:10649000C46864B12C602368C3608369013383617D
:1064A000002081F31188BFF36F8F03B030BD00F17E
:1064B000080C53EA020404D100232B606FF00B0098
:1064C000EFE7009201930246604600F0B5FB00281A
:1064D000EBD1024B9B685B692B60E6E76C150020F3
:1064E0002DE9F04182B00446EFF31187202181F3BA
:1064F0001288BFF36F8FC16899B9002950D1364B0C
:106500009B6893F90E3023610131E160324B9B6847
:10651000A36087F31188BFF36F8F002002B0BDE83E
:10652000F08116461D4682682B4B9B689A42E4D048
:1065300055EA060136D092F90E80414693F90E00D5
:1065400004F09CFB804534DC4FF000080096019578
:1065500022463946214800F06FFB0028DED0EFF3D9
:106560001185202383F31288BFF36F8FA36843B391
:1065700023689C4223D013B3216993F90E0004F0E1
:106580007DFB0146204604F084FBE8B9B8F1000F1A
:106590001AD185F31188BFF36F8F6FF00A00BDE742
:1065A0002369B0E787F31188BFF36F8F6FF00F0097
:1065B000B4E70146204604F06CFB8046C6E721693B
:1065C000E0E7B8F1000FE4D02946044800F0BEFB34
:1065D0006FF00A00A2E700BF6C15002090150020A4
:1065E000F8B58368002B47D00446264A9268934248
:1065F00045D1C368012B04D9013BC360002528465F
:10660000F8BDEFF31186202383F31288BFF36F8F59
:10661000016904F03EFB2768A7420CD03D1E18BF5D
:10662000012557B9A760CDB90023E36086F311882F
:10663000BFF36F8FE3E70027F0E77A683B681360EA
:106640005A6000233B607B607A7B22F002027A73FF
:10665000BB6007F1180004F000FDE3E797F90E3086
:1066600023610025C7F8AC50384604F0F6FB3146EC
:10667000054800F06BFBC2E76FF01505BFE74FF070
:10668000FF35BCE76C15002090150020F8B50446D6
:10669000EFF31187202383F31288BFF36F8F056810
:1066A000A84212D02E1E18BF012685B906BBA368CA
:1066B000E268934224D001221344A36000230BBB61
:1066C00087F31188BFF36F8FF8BD0025EAE76A688A
:1066D0002B6813605A6000232B606B606A7B22F08A
:1066E00002026A73AB6005F1180004F0B6FCDDE746
:1066F0000023C5F8AC30284604F0AFFB0123DEE7E9
:106700000022D9E73946024800F020FBDCE700BF51
:106710009015002010B582B0EFF31181202484F38E
:106720001288BFF36F8F846844B1013C846081F3A9
:106730001188BFF36F8F002002B010BD53EA02042E
:1067400006D0009201930246054800F075FAF3E77F
:1067500081F31188BFF36F8F6FF00F00ECE700BF7C
:106760009015002070B50546EFF31186202383F3C2
:106770001288BFF36F8F18E0002419E06268236865
:1067800013605A60002323606360627B22F0020280
:106790006273A36004F1180004F05FFC6FF00A0359
:1067A000C4F8AC30204604F058FB2C68A542E3D076
:1067B000002CE3D1002CF1D10023AB60314602481C
:1067C00000F0C4FA70BD00BF9015002008B553EA70
:1067D000020102D100F0D6FB08BD0249183000F0DA
:1067E0009BFDF9E72BAF000010B5044640B11F2216
:1067F00004F1740004F0A1FC002084F8930010BDA3
:10680000014B9C68F3E700BF6C1500202DE9F04FA9
:1068100085B004460F4615461E46DDF838A0DDF863
:106820003C90DDF84080DDF84CB000F15803836502
:10683000C365129B0422119904F07AFA2A4639465C
:10684000204604F047FA0546CDF80880CDF80490BC
:10685000CDF800A03346024639462046FCF7D2F96F
:10686000002363652666C4F864A0C4F86890C4F881
:106870006C80EFF31182202383F31288BFF36F8FB4
:10688000124B196A21671C6282F31188BFF36F8F64
:10689000BBF1000F13D01F22594604F1740004F01D
:1068A0004CFC002384F89330084B9B685BB1D3F811
:1068B000A030C4F8A030284605B0BDE8F08F002312
:1068C00084F87430F0E7C4F8A030F4E76C150020C9
:1068D0000A4A9368C3F8A8006FF00A01C3F8AC1025
:1068E00007494B6843F080534B60002383F31188C2
:1068F000BFF36F8F9368D3F8AC0070476C1500201E
:1069000000ED00E0427B90F90D30002B04DB12F02B
:106910001F0F01D1816901B1704710B562F07F028C
:106920004273264A52F8183F93420ED10B460CE0B0
:106930005A6842600360106058601FE01A461F4C9E
:10694000E469A24210D01B6883B17BB190F90EC0FC
:1069500093F90E209445F1D0A2EB0C02002AE7DC5B
:106960001A46002BEBD1EFE70B46EDE7134BDA6944
:1069700003F11801016042601060D8610F4B53F8B9
:10698000184F9C420ED06CB10C4B9B685A7B12F096
:106990001F0F0AD1DA897F2A07D9A2692AB9074AC3
:1069A000536109E0054BDC68EEE7A34202D02046C4
:1069B00000F0F8FB014B5C6110BD00BF6C150020BE
:1069C00010B5437B90F90D20002A14DB154B9A6813
:1069D00053F8184F9C4219D0C4B1824219D0537B4E
:1069E00013F01F0F15D1D3897F2B12D9A36983B957
:1069F0000C4B5A6114E003F07F0343734268036851
:106A000013605A60002303604360DFE7054BDC68D6
:106A1000E3E7A24202D0204600F0C4FB014B5C61D8
:106A200010BD00BF6C1500202DE9F84305460C464B
:106A3000454B9E68737B13F0600F28D013F0200F36
:106A40002AD008271F4222D13B43737313F0800FD3
:106A500024D1082F2DD04FF000093B4B53F8188F4D
:106A600098454BD0B8F1000F48D0374B9B68434551
:106A700002D0404600F096FB334BC3F81480102F31
:106A800005D0304600F0EEFBB9F1000F3AD184F3A7
:106A90001188BFF36F8F50E01027D3E703F07F0317
:106AA00073737268336813605A60002333607360D5
:106AB000CFE7B3685BB17268336813605A60002334
:106AC00033607360727B22F002027273B3603046EF
:106AD00004F08FF906F1580004F090F91A4B9B6806
:106AE0009E4202D04FF00009B7E7EFF3058313B9D8
:106AF0004FF00009B1E74FF00109AEE7124BD3F8B0
:106B00000C80B2E7114B01225A731A730022C3F8AA
:106B10009420C3F89820C3F8A0200B4A9360B6E7EE
:106B2000EFF31184202383F31288BFF36F8F04F0F7
:106B3000A3F884F31188BFF36F8F6B7B13F0600FA2
:106B4000EED1BDE8F88300BF6C150020080E0020D0
:106B5000B3F1FF3F08BFB2F1FF3F00D1704708B566
:106B60000249183000F0D8FB08BD00BF2BAF000071
:106B700010B5437B90F90D20002A0ADB437B63F0BC
:106B80007F0343732B4A52F8183F934219D10023D5
:106B900017E003F07F0343734268036813605A6091
:106BA000002303604360E9E75A68426003601060B5
:106BB00058601EE01A461F49C9698A420FD01B68F7
:106BC0007BB173B190F90E1093F90E209142F1D080
:106BD000521A002AE8DC1A46002BECD1F0E7002319
:106BE000EEE7144BDA6903F11801016042601060AE
:106BF000D861104B9A6853F8184F9C420ED06CB174
:106C000082420ED0537B13F01F0F0AD1D3897F2B02
:106C100007D9A3692BB9074B5A6109E0054BDC681A
:106C2000EEE7A24202D0204600F0BCFA014B5C61C4
:106C300010BD00BF6C15002010B50C4611460A4867
:106C400082680A4B1A60EFF31183202383F31288C2
:106C5000BFF36F8FDDE90223806804F0F2F820466D
:106C6000FFF736FE10BD00BF6C1500209015002008
:106C7000F8B504460E460023EFF31185202282F377
:106C80001288BFF36F8F18463DE05A686260236038
:106C900014605C601CE01A462B4FFF69BA420DD0AD
:106CA0001B686BB163B193F90E209042F3D0121AB6
:106CB000002AEADC1A46002BEED1F2E70B46F0E799
:106CC000214BDA6903F11801216062601460DC6114
:106CD0001D4B53F8187F9F420BD057B11A4B9B683E
:106CE0009F4202D0384600F05DFA174B5F610120E9
:106CF00004E0154BDF68F1E7A673002085F31188E7
:106D0000BFF36F8F0123EBB9637B13F01F0FF3D138
:106D1000A1690029F0D103F07F03637362682368DF
:106D200013605A6000232360636070B2A073637BBA
:106D300063F07F036373044A52F8183F9342B1D162
:106D40000B46AFE7F8BD00BF6C15002008B50B4639
:106D500059B9EFF3058242B9064A506992689042E8
:106D600003D00846FFF7B4FD03E083F31188BFF3B7
:106D70006F8F08BD6C15002008B5034650B9EFF3BE
:106D800005823AB9064A51699268914202D0FFF7EA
:106D90009FFD03E083F31188BFF36F8F08BD00BF31
:106DA0006C1500200023EFF31181202282F312885A
:106DB000BFF36F8F09E0064B9A68D37B013BD37317
:106DC00081F31188BFF36F8F0123002BF3D070473D
:106DD0006C15002038B50023EFF31185202282F3D3
:106DE0001288BFF36F8F0EE0154BDC6817E0A242EC
:106DF00002D0204600F0D6F9114B5C6185F3118872
:106E0000BFF36F8F0123BBB90D4B9A68D17B013162
:106E1000D17353F8184F9C42E6D0002CE4D0537B3A
:106E200013F01F0FE3D1D3897F2BE0D9A369002B87
:106E3000DDD1034B5A61E1E704F0A2F838BD00BF91
:106E40006C15002008B5024804F0A5F808BD00BF85
:106E50008015002038B5EFF31184202383F31288C6
:106E6000BFF36F8F224B9A68DB699A4205D0136893
:106E7000516812680A60516006E00023F8E71C4A76
:106E8000D269934212D01B6893B1194A906890F965
:106E90000E1093F90E209142F1D0521A002AEEDD25
:106EA0005A6842600360106058600AE00023EBE714
:106EB0000F4B9A68D96903F11800106051600A609D
:106EC000DA610B4B53F8185F9D420DD065B1084B4A
:106ED0009B689D4202D0284600F064F9044B5D6136
:106EE0002046FFF7F5FC38BD014BDD68EFE700BF3A
:106EF0006C1500202DE9F04150EA010333D004461F
:106F00000D466FF001031B1A4FF0FF3262EB0102D6
:106F1000012B72F100022ADB6FF00106361AEFF343
:106F20001188202383F31288BFF36F8F124FB86844
:106F3000124B1860FFF744FDB86822462B461049F3
:106F4000183000F0E9F9BA68537B43F00403537337
:106F50004046FFF7BDFC04F0A8F8301A002800DC1A
:106F60000020BDE8F081FFF775FF0020F9E704F08D
:106F70009CF80619D3E700BF6C150020901500207F
:106F80002BAF000038B50446183004F066F8EFF374
:106F90001185202383F31288BFF36F8F637B13F077
:106FA000040F04D185F31188BFF36F8F38BD23F030
:106FB000040363732046FFF7A5FCEFF3058323B1B9
:106FC00085F31188BFF36F8FF0E729460148FFF77B
:106FD000BDFEEBE790150020014B9868704700BF9D
:106FE0006C1500202DE9F041EFF31186202383F387
:106FF0001288BFF36F8F037B13F0010F15D1044686
:10700000457B15F0080F1ED1B04600F1580703F07C
:10701000BCFE30B345F020056573EFF30583BBB1CB
:1070200031462046FFF700FD0BE086F31188BFF3E1
:107030006F8F002383F31188BFF36F8F04231846EB
:1070400002DFBDE8F08186F31188BFF36F8FF8E7A8
:107050003946374B986803F09AFE3046FFF738FC04
:10706000EFE745F00803637313F0800F33D1A36893
:107070005BB16268236813605A6000232360636019
:10708000627B22F002026273A36004F1180003F035
:10709000E4FF384603F0B2FE254B9A68944227D0AD
:1070A0000027234B53F8185F9D4228D03DB3AA42D6
:1070B00002D0284600F076F81D4B5D61204600F0B6
:1070C000D1F8FFB91A4B9B689C4229D088F31188EC
:1070D000BFF36F8FB5E705F07F0545F008056573D1
:1070E0006268236813605A60002323606360BEE710
:1070F000EFF305830BB90027D3E70127D1E70C4B4A
:10710000DD68D4E70B4B01225A731A730022C3F8CF
:107110009420C3F89820C3F8A020054A9360D1E7D3
:10712000EFF30583002BD1D13046FFF7D1FB88E781
:107130006C150020080E0020044BC01AC010044B30
:1071400003FB00F0034B01221A547047B80E0020D5
:10715000ABAAAAAA94150020C3897F2B11D80E4B85
:107160001B687BB190F90E200C4B1B689A420CDB1C
:10717000437B13F01F0F0AD1094B984209D001231A
:1071800000E0002303F0010070470023FAE700232A
:10719000F8E70023F6E700BF9C15002098150020B3
:1071A000A80C002070B505460D4B1E7C06EB46036F
:1071B0000C4C04EBC304204603F04FFF0A4B0022A3
:1071C0009A552846FFF7C8FF00B970BD074B1A68EB
:1071D000013AD3170649204600F09EF8F5E700BFB4
:1071E0006C150020B80E0020941500209C1500207E
:1071F0003971000038B5EFF31185202383F312882D
:10720000BFF36F8F144B9C68144B1B68A34217D0BD
:10721000124B00221A60104B1B7C114AD35C53B1F5
:107220002046FFF799FF30B1637B13F01F0F0FD09B
:107230002046FFF7B7FF85F31188BFF36F8F38BD86
:107240002046FFF7AFFF85F31188BFF36F8FF6E796
:107250002046FFF78DFCEBE76C1500209015002011
:1072600094150020EFF31181202383F31288BFF3DC
:107270006F8F0A4B1B6A834204D11A6F074B1A6245
:1072800007E0134613B11A6F8242FAD10BB1026FB5
:107290001A6781F31188BFF36F8F70476C15002058
:1072A00008B50648064A121A064903F04CFC06487F
:1072B000064A121A064903F046FC08BDC004002025
:1072C0009407002004C70000B8040020C004002078
:1072D000FCC60000034B1868984200D0704700209D
:1072E000FCE700BF8406002030B1044A5268904297
:1072F00001D0006870470020704700BF840600205E
:1073000008B5044B1B680BB1002008BDFDF778FCE5
:10731000FBE700BFA0150020B3F1FF3F08BFB2F1AB
:10732000FF3F77D02DE9F047044692461D46816025
:107330000023EFF31187202282F31288BFF36F8FAF
:1073400026E01AF1010845F10009FFF7D9FF18EB13
:10735000000349EBE070236160613BE0521A66EB89
:107360000303026143614368636020601C60446002
:1073700005E0294B5A682360626014605C60FFF787
:10738000A9FF84423AD087F31188BFF36F8F01239E
:10739000002B3DD153466FF00101B1EB0A014FF0D4
:1073A000FF3060EB0502002ACBDB1C4A11685268F3
:1073B0005B1842EB05026FF00101C91A60EB020392
:1073C00008461A46012973F1000301DA0120002260
:1073D00020616261FFF77EFF0028CAD0026946691A
:1073E00021696369914273EB060EB7DB891A63EB7F
:1073F000060321616361FFF777FFEDE7084B1B6828
:10740000002BC0D103F00CFE0021FDF7BFFBBAE753
:10741000BDE8F087704700BF84060020D00E002032
:10742000A015002070B5EFF31186202383F3128896
:10743000BFF36F8F2A4B1860FFF74CFF044623E021
:10744000284A136851685B1941EBE571136051607C
:1074500000220023C4E90423204603F0CAFD86F37A
:107460001188BFF36F8FA36820469847EFF311860A
:10747000202383F31288BFF36F8F194A13685B1BB5
:107480001360FFF727FF04463CB125696169144B7F
:107490001A68D317AA428B41D2DA44B123696269D0
:1074A0000F4909685B1A62EBE172236162610D4A60
:1074B0000B4D2868136851681B1841EBE07113608D
:1074C000516000242C6003F0ABFD2146FDF75EFB0C
:1074D00086F31188BFF36F8FFFF78CFE70BD00BF7E
:1074E000A0150020D00E002010B50022EFF311846B
:1074F000202383F31288BFF36F8F134611460CE0ED
:10750000FFF7FEFE074A13685168C31841EBE071AC
:1075100084F31188BFF36F8F0122002AF0D0184640
:1075200010BD00BFD00E0020F8B5EFF3118320226C
:1075300082F31288BFF36F8F026822B183F3118840
:10754000BFF36F8FF8BD04461D46826AC36A52EAD4
:10755000030105D0B3F1FF3F08BFB2F1FF3F27D1D0
:10756000236B01332363236A6BB185F31188BFF367
:107570006F8F236A20469847EFF31185202383F30A
:107580001288BFF36F8F04F11803A469A3423FD0A0
:10759000002C3DD0204603F07BFC0023C4F8AC3027
:1075A00085F31188BFF36F8F204603F056FCC9E7BF
:1075B00016461F46012A73F1000301DA012600274F
:1075C000013E47F1FF3703F074FD013041F1000146
:1075D000801947EB0101012871F1000108DA6FF011
:1075E00001024FF0FF330D492046FFF795FEB7E744
:1075F00003F05FFD013041F10001801947EB010309
:107600006FF00102121A4FF0FF3161EB0303EAE75A
:1076100085F31188BFF36F8F94E700BF29750000D1
:10762000F8B51D46EFF31187202383F31288BFF3CB
:107630006F8FB5F1FF3F08BFB2F1FF3F1FD0064685
:10764000144629466FF00102121B4FF0FF3262EB25
:107650000502002A18DB304603F0FFFCDDE90623B3
:10766000C6E90A230023336322462B460B493046E2
:10767000FFF752FE87F31188BFF36F8FF8BD87F3D2
:107680001188BFF36F8FF9E7012C71F1000101DA66
:1076900001240025013C45F1FF35DCE72975000098
:1076A00010B50A4C23681BB101232360002010BDD4
:1076B00000F0EAF80028F7D00138062803D8044B78
:1076C00053F8200010BD034810BD00BFA4150020D2
:1076D00064C50000FE8FFFFFBFF34F8F0549064BC7
:1076E000CA6802F4E0621343CB60BFF34F8F00BF60
:1076F000FDE700BF00ED00E00400FA0510B4094BFF
:1077000009490A4C4FF0FE32C3F800244968C3F817
:107710000424C3F80824C3F80C240023C4F800355B
:1077200010BC084700B002508C06002000A0025098
:10773000D0E90012014BC3E9001270478C0600200B
:1077400010B5044650B1636813F0685F05D0064A6F
:10775000934202D000232360626010BD034B0448B3
:107760005B689847EFE700BF2C5F5CA98C060020A0
:1077700080C50000C8B143680D4A934213D013F08E
:10778000685F0ED0012350E8002F194640E8001C26
:107790009CF0000FF7D1012AF5D0BFF35F8F0020D6
:1077A000704704487047044870476FF4E0407047E2
:1077B0002C5F5CA9E98FFFFFEA8FFFFF80B1436870
:1077C000094A93420AD013F0685F05D0BFF35F8F78
:1077D0000023036018467047044870470448704708
:1077E0006FF4E040704700BF2C5F5CA9E98FFFFF9A
:1077F000EA8FFFFF10B5044620B1044B63600022FE
:10780000226010BD0248FFF779FFF6E73A00003A20
:10781000A8C5000070B5D0E90023174C174D636070
:10782000D0E90230C4E9023022604868D1F800C0D3
:10783000134BC3E900C0D5F81801D1F808C0C3F84C
:1078400008C010F0685FD1F80CC00969C3F80CC01B
:10785000196110D00B49C5F8BC110023C5E94531A9
:1078600005F58A70C5F8B8319047236805F5DC70D6
:10787000BDE87040184770BDA8060020BC15002068
:10788000940600202C5F5CA938B500F02FF820B1D9
:10789000032400F063F8204638BD00F031F898B9B1
:1078A00000F0ACF898B90F4DD5F828391B0EF02B25
:1078B00008D1D5F8242A0C4B9A420AD0072400F0AC
:1078C00017F8E6E70624FAE70424204638BD00242A
:1078D000F5E7012000F092F804460028F7D1C5F83A
:1078E0000C0AD8E700B002500000E02000207047EA
:1078F00000207047014BC3F8040A704700B00250E3
:1079000010B5114800F048F800B110BD0F4800F064
:1079100043F80028F9D10E4C204600F03DF800282D
:10792000F3D10C4B0C481C6000F036F801460028DF
:10793000EBD100F02DF8044608B1204610BD00F050
:107940003FF82046FAE700BFE8060020E4060020E2
:10795000E0060020D8060020DC06002008B5084814
:1079600000F024F8074800F021F8074800F01EF85E
:10797000064800F01BF8BDE8084000F00BB800BF57
:10798000E8060020E4060020E0060020DC060020D7
:1079900000207047704700BF08B5034B02681B68A2
:1079A00010689847002008BDA806002008B5034BC2
:1079B00002685B6810689847002008BDA806002090
:1079C00070B5094C094D2069AB68984718B1084B50
:1079D00008485B689847084AEB68206900211160F5
:1079E000BDE87040184700BF94060020A80600209C
:1079F0008C060020CCC50000B8150020F8B51A4D43
:107A00001A4E0446B26828699047E8B9184F3B6897
:107A10004CB1A3B1012B19D0013B3B602869F3683D
:107A200098470020F8BD43B9124A0121C2F8001559
:107A30001149D1F81029002AFBD101333B60F368CA
:107A4000286998470020F8BD0C48F8BD0A4AD2F8CA
:107A50001039002BFBD1074A6FF07E40C2F8003589
:107A6000FFF748FF3B68D7E794060020A8060020F0
:107A7000B815002000A0025000B00250E98FFFFFAF
:107A80000CB430B589B005460C461C22002101A873
:107A900003F04BFB02238DF806300E4B0293059545
:107AA00023462CB1B4F1004F28BF4FF00043013BF7
:107AB0001D440DAA0C99069501A8009200F00CF83F
:107AC00014B1059B00221A7009B0BDE8304002B025
:107AD000704700BF21B200002DE9F04F8DB0436820
:107AE0000293837815469A07804640F10D81002461
:107AF0000E78002E00F00A81252E0BD04B1C03932C
:107B00000134029B4146304698470028C0F2F68077
:107B10000399EDE74E788B1C252E0393F0D00027B8
:107B2000B946BB46BBF11F0F38D8A6F12003102B76
:107B30000AD8DFE803F02A090930090909210909EF
:107B40000928092D09091F00A6F13003092B33D993
:107B50002A2E37D11BF0400F55F8043B40F08280AD
:107B6000002BA7BF4BF0200B9946C3F100094BF047
:107B7000280B01E04BF0010B039B13F8016B0393FF
:107B8000002ECFD130E04BF0020B4BF0040BF3E7AB
:107B90004BF0080BF0E74BF0100BEDE7BBF17F0F5C
:107BA00019D8A6F13003092BD2D81BF0400F03D00F
:107BB0000A2101FB0737DFE70A2101FB09394BF0F6
:107BC000200BD9E72E2E06D11BF0400F40F09E80EF
:107BD0004BF0400BD0E76C2E31D02BD8682E36D02E
:107BE0006A2E3CD04C2E3AD0002F46F02003B8BF6E
:107BF0002BF04002A3F16501BCBF1FFA82FB0027F6
:107C0000022901D9612B2FD1073525F00705DFF8AF
:107C1000ACA2083507271BF0080F66D00AEB070B4C
:107C200056465E4563D1A4EB0A0A06EB0A02A9EBAD
:107C300007096FE1742E9FD07A2E9DD0D4E71BF0F8
:107C4000800F18BF4BF4007B4BF0800B94E71BF4C4
:107C5000807F18BF4BF4007B4BF4807B8CE74BF4A8
:107C6000207B89E71F4687E7A6F16301122900F20E
:107C7000F080DFE811F013004F00EE00EE00EE00A0
:107C8000EE004F00EE00EE00EE00EE00EE00FE0013
:107C9000E900EE00EE001B00EE00AF0055F8043BDB
:107CA0008DF8183001270DF1180AB4E755F804AB28
:107CB000834BBAF1000F08BF9A461BF0400F14BF68
:107CC00039464FF0FF31504603F047FA0746A2E726
:107CD000029B41462020984700280FDB013EB74217
:107CE000F6D34C44A41BB14698E74E46F7E716F886
:107CF000010B029B41469847002892DA98F802301F
:107D000043F0040388F802304FF0FF3420460DB0F2
:107D1000BDE8F08F1BF0800F34D01BF4007F2CD017
:107D2000073525F00705AA4669685AF8080B2BF0B5
:107D300010050029ADB237DA404261EB410145F44C
:107D400080650DF1180B0A235A4603F012FAA0EBD6
:107D50000B0301936B0662D5019B25F001019F4245
:107D600089B240F3A180002E00F0998015F0100236
:107D700040F09C80BB460D4623E0AA465AF8040B0F
:107D8000C117D4E7AA461BF4807F5AF8041B01D11F
:107D90000846F5E71BF4007F15BF48B208B241F36F
:107DA000C01141F3C031C2E750EA0103C9D11BF051
:107DB000400FC6D0002FC4D12BF0110295B2BB46A4
:107DC000019740F2064115EA01021CBF0BF1010BBD
:107DD00000222CE02BF010021FFA82FB0A231BF07A
:107DE000800C49D01BF400711DBF073525F0070535
:107DF000AA46AA461ABF5AF8080B69685AF8040B33
:107E000050EA010545D12BF016051BF0400FADB22D
:107E100042D0002F40D12BF0170295B2019715F0F8
:107E2000100248D0019B002E42D103F1010B29071B
:107E30005AD4EB0706D5D9456FDD0199A9EB0B03A1
:107E40005F18CB465B4649E04BF0100B10237826B9
:107E5000C5E7782B04D1C6F1780343F01003BEE7E1
:107E6000029B4146252098470028FFF647AF023481
:107E700047E608230026B2E7AA461BF480715AF8A9
:107E8000040BBDD01BF400711ABFC0B2614680B2B2
:107E9000B6E72BF0060295B20DF1180B54E725F06A
:107EA0001105ADB2BB468CE70D46B8E73B460D4623
:107EB00003F1020BBBE7DDF804B082E7F4C6000073
:107EC000EDC60000CDE904324146029B20209847D0
:107ED0000028FFF613AF049B059A01339945F1DCA6
:107EE000A4EB0B01CC189B460AB3029B4146302001
:107EF00098470028FFF602AF8EB901342744019B52
:107F0000391B994224DC1D465DBB019AA9EB0B0984
:107F1000224455461446914435E0019F92E70234CD
:107F200041463046029B98470028E7DAE6E640F2F1
:107F300006410D42E2D015F0020F14BF2B20202085
:107F400015F4806F04F10104414618BF2D20E9E7C4
:107F5000029B414630209847002804F10104CEDA04
:107F6000CCE606AB013D4146585D029B9847002890
:107F7000CADAC3E6029B414620209847002804F154
:107F80000104FFF6BBAEA9EB0403002BF2DCBFE556
:107F9000704738B513468568046912F4801F07D00E
:107FA00012F4402F04D012F0010F01D082F44023CC
:107FB00023F4801213F0010F0AD023684FF0010C54
:107FC0000CFA01FC43EA0C0323602B68984738BD88
:107FD00023684FF0010C0CFA01FC23EA0C03236028
:107FE000F3E708B503468C4600681979DA8842EA57
:107FF0000C02FFF7CEFF08BD38B50C460569836853
:108000005B68984718B923682A685340236038BDD5
:1080100010B582B00C4601A9FFF7EEFF30B901237D
:10802000A340019A134214BF0120002002B010BDEA
:1080300008B532B1012303FA01F18368DB68984780
:1080400008BD012303FA01F183681B699847F7E72C
:1080500010B503691C6801238B401C4202D0B2FAA0
:1080600082F25209FFF7E4FF10BD00EBC101836803
:10807000B3F5004F0AD322B14B6843F001034B60C4
:1080800070474B6823F001034B60704722B14B8867
:1080900043F001034B8070474B8823F001034B8072
:1080A0007047131D50F82330DBB9C3684FF0010C43
:1080B0000CFA02FC43EA0C03C360043240F82210BD
:1080C00000EBC1038268B2F5004F06D39960826865
:1080D000B2F5004F03D3D96070479980F7E7D98094
:1080E000704710B500EBC30C8468B4F5004F1CD387
:1080F000DCF8082000EBC10EB4F5004F18D3CEF821
:1081000008208468B4F5004F15D3CEF80C3000EB8E
:10811000C2028368B3F5004F10D3D1608368B3F512
:10812000004F0DD3CCF8081010BDBCF80420E1E7D7
:10813000AEF80420E5E7AEF80630E8E7D180EDE7D9
:10814000ACF80410F0E708B58368B3F5004F07D327
:1081500000EBC10252685208012A02D0002200E05E
:108160000022A2B900EBC102B3F5004F10D3526850
:108170005208B3F5004F0DD308230833A2EBD30206
:108180000132B2FA82F2C2F11F02FFF78AFF08BD84
:108190005288EDE70423F0E7F8B5B2F5802F23D33A
:1081A0000823D21ACC1D24F0070401EB020C2CF09A
:1081B000070CACEB040C4FEADC010460A160002367
:1081C000E360BCF5802F11D308230833A1EBD30360
:1081D0000133B3FA83F3C3F1200EC3F124039B00F0
:1081E000DE1DF508002308E00423DAE70423ECE7AA
:1081F0001A1D002044F8220001337345F8DB6B00A0
:10820000BCF5802F32D36360BCF5802F30D30023C0
:108210002360BCF5802F2ED3636843F001036360B5
:108220004A1B570026F00703E018BCF5802F27D320
:108230004760A068B0F5004F24D3E5502CF0070349
:10824000A444A068B0F5004F1ED30020CCF8040071
:10825000A068B0F5004F1BD3E25001222046FFF783
:1082600004FF29462046FFF76EFFF8BD6380CBE789
:1082700000232380CDE7638843F001036380CFE7C9
:108280004780D6E7E552D9E70020ACF80200DFE7E7
:10829000E252E2E710B50C4611461A46029BA0478F
:1082A00010BD4038C0B23A288CBF00200120704772
:1082B000F8B5064603784578847804EB83040444D3
:1082C000002706E001342046F7F734FF013004446C
:1082D0000137AF42F6D3A01BF8BD70B5144668B1A4
:1082E0000D46194606462BB91046F7F723FF83B211
:1082F000013399B22A462046B04770BD1046F7F7C1
:1083000019FF0130F9E75BB32DE9F04782B007466A
:10831000884691461D461A785E789C78DB7804EB97
:10832000820404EB43042C444FF0000A0AE014F8E2
:10833000013B45F823402046F7F7FCFE013004449A
:108340000AF1010AB245F2D305F1080300936B6804
:108350004A4641463846FFF79DFF02B0BDE8F08728
:108360006FF0150070472DE9F0410446884600275C
:108370003E4607E0702D18D02846FFF792FFB8B9A7
:10838000252D0ED014F8015B75B1002EF8D04745AD
:10839000F0D02846FFF785FF0028F1D001370026EE
:1083A000EEE786F00106EDE700263046BDE8F081F5
:1083B0000026FAE70020704708B500F0EEFC08BD83
:1083C0000FB400B583B004A951F8040B0191FFF775
:1083D000F3FF03B05DF804EB04B07047036913F0DA
:1083E000080F08D1C3680268934207D8036A9B1A32
:1083F0000B60012070470020086070479B1A0B60DB
:1084000000207047036913F0080F07D182684368A2
:108410009A4203D89B1A0B6000207047036A826857
:108420009B1A0B600120704710B582B0044601A969
:10843000FFF7D4FF20B1E368019A1344013B019395
:10844000206A019BC01A013802B010BD38B503691B
:1084500013F0040F00D138BD0446456AFFF7E4FF6E
:10846000854202D9606A6062F5E72046FFF7DCFFCB
:10847000F9E7C3681944036913F0010F04D1026AD4
:10848000914204D3891A02E0026A013A1140C160A4
:1084900023F008030361704710B400236FF3000357
:1084A00043F0020361F39F03C269046842F8243079
:1084B00003680B44026912F0010F04D1046AA3425D
:1084C00004D31B1B02E0046A013C23400360C46820
:1084D0009C420AD043681944036913F0010F08D184
:1084E000036A994208D3C91A06E042F00802026101
:1084F000F0E7036A013B1940416010BC70472DE969
:10850000F04F83B00446019117469846C569C66886
:1085100005EB860B15F8263003F00303022B24D05D
:10852000002100233B60C8F8003019BB236913F019
:10853000020F73D0A36958469847824615F82690D3
:1085400019F001096CD015F8263013F0020F39D05C
:10855000019BBBB962685244236913F0010016D134
:10856000216A8A4216D3521A14E055F82610C1F334
:108570009D01D6E72046FFF77CFFE368A3604FF03C
:1085800001094DE019462046FFF786FFE2E7216A20
:1085900001390A406260E168A268914206D0A2688F
:1085A0002260E26043F00803236139E0524420B9BD
:1085B000216A8A4204D3521A02E0216A01390A4030
:1085C000A260ECE701462046FFF753FFE368A36093
:1085D000019B23B1E3692268002143F82210019B2B
:1085E0005344C8F8003022681344226912F0010F86
:1085F00004D1216A8B4204D35B1A02E0216A01395B
:108600000B40236042F00802226115F826306FF318
:10861000000305F82630C7F800B001E04FF000096C
:10862000484603B0BDE8F08F30B45318046914F025
:10863000010F04D1056AAB4204D35B1B02E0056A5B
:10864000013D2B4005689D4214D000236FF30003C9
:1086500043F0020362F39F03C46944F82130436886
:108660001344026912F0010F09D1026A934209D33F
:108670009B1A07E0016024F00804046103E0026A29
:10868000013A1340436030BC704708B500230360D3
:1086900043608360C360036143618361CA68826130
:1086A0008A6842610A68C2614A68026243620B6971
:1086B00003612AB1511E0A4202D143F00103036152
:1086C00028300122002102F0F6FA08BD2DE9F04F12
:1086D00087B09A46002305930393036A8B42C0F048
:1086E000898004468946934600230193012600931E
:1086F00041E001992046FFF797FF0023039345E0EF
:10870000E369226803EB8201009113F822106FF3F2
:10871000000103F82210C9B26FF3410103F82210DF
:1087200023684B44226912F0010F04D1216A8B4265
:1087300004D35B1A02E0216A01390B402360E1682F
:10874000994201D0002608E042F00802226100268A
:1087500003E02046FFF7A0FE2E4688F31188BFF302
:108760006F8F059929B163690BB1204698470023A3
:108770000593002E40D0EFF31187202383F3128856
:10878000BFF36F8FB846039A002AB2D104A92046DE
:10879000FFF724FE054604994945B1D20028D8D1F7
:1087A0005AEA0B030BD1002ED7D02368019303ABF9
:1087B00005AA04992046FFF7A2FE0646CDE702F07F
:1087C000AFFA0028EFD1002FEDD187F31188BFF366
:1087D0006F8F04F128005A465346FDF79BFFEFF3D5
:1087E0001188202383F31288BFF36F8FB0FA80F6CD
:1087F0007609B2E700230093009807B0BDE8F08F38
:1088000070B504460D46836908469847EFF3118614
:10881000202383F31288BFF36F8F2B7843F001037B
:108820002B7063681844236913F0010F04D1236A85
:10883000984204D3C01A02E0236A013B18406060EA
:108840002046FFF703FE86F31188BFF36F8F70BDDC
:10885000F0B583B004462EE053F8220080084DD1D5
:1088600043E0226A013A1340A3602046FFF701FE6D
:1088700001231BE013F8221041F0020103F822103B
:10888000A768A369304698473844236913F0010F5D
:1088900004D1236A984204D3C01A02E0236A013B40
:1088A0001840A060002301E000231E4685F31188D4
:1088B000BFF36F8F8BB3EFF31185202383F31288FF
:1088C000BFF36F8F01A92046FFF79CFDE369A26803
:1088D00003EB820601990029E6D013F8221011F06B
:1088E000030117D00229B7D0002013F8221011F08D
:1088F000010FBFD110B9A36930469847A36801465C
:108900000344226912F0010FABD1226A9342ABD328
:108910009B1AA9E700231E46C8E7304603B0F0BD06
:1089200070B504460D468369084698470146EFF343
:108930001186202383F31288BFF36F8F2B786FF398
:1089400000032B70236913F0020F0AD0E369E26879
:1089500003EB8203AB4204D02B6860F39F032B60D0
:108960000AE02B786FF341032B70E268A3689A4208
:108970000BD02046FFF77DFD86F31188BFF36F8F84
:1089800004F12800FDF782FE70BD0B44226912F04D
:10899000010F04D1226A934204D39B1A02E0226A97
:1089A000013A1340A360E4E710B582B0EFF31184FD
:1089B000202383F31288BFF36F8F01A9FFF722FDF5
:1089C00084F31188BFF36F8F0198003818BF01201E
:1089D00002B010BD01F00701038B23F007030B4326
:1089E000038370472DE9F04106460F4690468168A3
:1089F00021B10C683CB131B90C4604E00C4602E0F0
:108A0000234621461C4669B14D6843463A463046E6
:108A1000A847002CF4D02368002BF2D0002CF0D112
:108A20002346EEE7BDE8F081038B13F0070303D183
:108A300002680AB103207047022B03D0012B06D035
:108A400000207047428B002AF8D104207047036849
:108A50000BB1052070470020704710B504468C46C6
:108A6000038B002A07DB03F007035A1F012A0ED9E4
:108A7000042B36D010BDD0E900018CE803000023A0
:108A80002360636001212046FFF7A4FFF2E7D0E9ED
:108A900000018CE80300002222606260062B1BD1DB
:108AA000DCF8003053B1628B013262831A461B68D6
:108AB000002BF7D0002AF5D11346F3E70221204618
:108AC000FFF788FF2046FFF7AFFF0028D2D0238BA7
:108AD00043F020032383CDE700212046FFF77AFFF0
:108AE000F0E70021FFF776FF2046FFF79DFF002803
:108AF000C0D0238B43F020032383BBE750B110B5D4
:108B00000C4651B1081D00F0E7F810B9A368032B1B
:108B100006D810BD6FF0150070476FF01500F8E72C
:108B20006FF01500F5E72DE9F04107460C461646B3
:108B30001D461946201D00F0E6F828B180462B4658
:108B4000324621463846C047BDE8F0812DE9F04164
:108B500080460C4617461E4604E033463A464046D9
:108B6000FFF7E1FF216831B10D68256063688B4232
:108B7000F3D16560F1E7BDE8F08108B5EFF311824C
:108B80004FF0200C8CF31288BFF36F8F41610121ED
:108B9000F8F736FA08BD034670B181B10A688AB1A8
:108BA0004A6892B10020186058609860D8601861D7
:108BB00058619861196170476FF0150070476FF048
:108BC000150070476FF0150070476FF01500704783
:108BD00070B505460E46FFF791FF041E2EDBEFF33E
:108BE0001182202383F31288BFF36F8FB5F818C06A
:108BF0000CF0070C6B8B4FF6FF718B422CD0644648
:108C0000BCF1020F08D0BCF1060F19D8DFE80CF058
:108C10001E1818181E2A1E0001336B830123002121
:108C2000084628B100203060686808B306606E60AE
:108C300009BB82F31188BFF36F8F0BBB204670BD59
:108C40006FF00404002319461846EAE7BCFA8CF1D9
:108C5000490900230120E4E76FF00A0400231946C4
:108C60001846DEE76FF08504002319461846D8E75A
:108C70006E602E60DCE702212846F8F7C1F9DDE7D7
:108C80000023624631462846FFF74DFFD6E710B570
:108C9000EFF31182202383F31288BFF36F8F038BCE
:108CA00003F00703022B07D0012B02D06FF08504DD
:108CB00008E06FF0040405E01C46438B013B9BB2C7
:108CC00043832BB182F31188BFF36F8F204610BD11
:108CD0000221F8F795F9F9E7024658B1436803F025
:108CE0000303012B03D0032B07D1036843B10020FA
:108CF000906070476FF0150070476FF01500704777
:108D00006FF0150070470346426802F0030281606D
:108D1000032A03D1006800225A6070470020FAE756
:108D20007047037813F0040F01D0002070470368E8
:108D3000C3F34A2000EB1350173020F007008008DF
:108D40007047002070470120704708B501F0E9F82E
:108D500008BD08B520EAE070C117C90341EA5041D7
:108D6000C00340F2E733C0184FF47A724FF00003AB
:108D700041F10001F7F7C4F902F011F908BD08B597
:108D800000220023FFF7A2FC08BD08B5FFF7C8FDCD
:108D900008BD08B5FFF708FE08BD00B585B0039112
:108DA0000290002001900090034602460146F8F729
:108DB000B1FD05B05DF804FB08B50120F8F7FCFA39
:108DC00008BD08B5F8F788FB08BD08B5FFF718FD22
:108DD000F8F720FC08BD0020704770B5536896680E
:108DE0009B1B8B420CD30C46154613680A46014662
:108DF000981902F08CF9AB682344AB60204670BD33
:108E00006FF01B00FBE770B588B10E46144619469B
:108E1000054633B11030C2F34A23120D184402F054
:108E200076F92C606E602846F8F736FC70BDF8F7CE
:108E3000C3FAFBE72DE9F04383B006460F4615461B
:108E40001C4603F101094FEA890808F1170020F0D8
:108E500007008008F8F738FB002201928DF8049093
:108E600068B100F1140C019B0361964605E055F8CA
:108E70002E304CF8043B0EF1010EA645F7D300222C
:108E800067F3881268F3532200233146FFF7BBFFD4
:108E900003B0BDE8F08300B583B00192012301AABD
:108EA000FFF7C8FF03B05DF804FB00B583B0009284
:108EB000019302236A46FFF7BDFF03B05DF804FB90
:108EC00000B585B001920293069B0393032301AA88
:108ED000FFF7B0FF05B05DF804FB08B5F8F76EFCCE
:108EE00008BD2DE9F04180460768856843681C6825
:108EF0005E6805E0324621462846B847241A0544F4
:108F0000002CF7D1D8F8043000221A60BDE8F081B7
:108F100038B505460C464B681A68CB689A420FD0A4
:108F20006368BFF35B8F53E8002F511C43E80010C8
:108F30000028F8D1BFF35B8FA3689D54002038BD93
:108F40000846FFF7CEFFEBE738B504460D460A2882
:108F500005D029462046FFF7DBFF002038BD0D2055
:108F6000FFF7D6FFF5E708B513460122F8F78CFDA9
:108F700008BD08B513460022F8F786FD08BD38B5D0
:108F800005460C4601F00101FFF7F3FF2146284694
:108F9000F8F70CFE38BD2DE9F04383B080460E464D
:108FA00015461F46DDF828902C46102D28BF1024AA
:108FB000CDF800903B46224631464046F8F70AFE7F
:108FC00026442D1BF0D103B0BDE8F0832DE9F0431A
:108FD00087B006460C469046D1F808900F88C7F334
:108FE00082170878C0F3C2050846F8F7E9FC011EAD
:108FF0001ADA0023214651F8105BC5F34A2562882E
:10900000C2F30B12481905B90021CDF8148004925F
:109010000390029101970022009249463046F8F7EA
:109020003BFE07B0BDE8F0832846F8F78BFB03460C
:10903000E0E72DE9F04180460768856843681C68D1
:109040005E6805E0324621462846B847241A0544A2
:10905000002CF7D1D8F8043000221A60BDE8F08166
:1090600008B520EAE070C117C90341EA5041C003C6
:1090700040F2E733C0184FF47A724FF0000341F129
:109080000001F7F73DF801F08AFF08BDFEE708B5DB
:1090900001460068F9F71AF908BD08B5F9F732F981
:1090A000F9F75CF908BD0020704708B5002313707C
:1090B000CB1E092B1AD8DFE803F005090D11191989
:1090C000191919141146F9F7AFFB08BD0021F9F77A
:1090D00007FBFAE70021F9F77BFAF6E7F9F794F9CD
:1090E000F3E71146F9F7FAF90020EEE7F9F704FA89
:1090F0000020EAE708B540B2F9F726FD08BD08B53B
:1091000040B2F9F72FFD08BD08B5013140B2F9F7BB
:109110003BFD08BD08B500210120F9F7D7F808BDCF
:1091200061B662B680F31188BFF36F8F704772B675
:10913000002383F31188BFF36F8FBFF34F8F30BFCE
:1091400062B6BFF36F8F704772B6002383F3118846
:10915000BFF36F8FBFF34F8F20BF80F31188BFF332
:109160006F8F62B6704743685A1E134206D11F2B99
:1091700006D903681A4205D00020704700207047C6
:10918000002070470120704700B585B00B6801933F
:109190004B688A68202B12D9B3F1004F11D8013BDC
:1091A000B3FA83F3C3F11F035B0003F03E031343E1
:1091B000039301A9F9F7F0FD05B05DF804FB08235E
:1091C000F5E73E23F3E7F0B585B0054603A8F8F7C9
:1091D000A7FE0646002424E0B3F5801F20D157687F
:1091E00009589368202B64D9B3F1004F63D8013B31
:1091F000B3FA83F3C3F11F035B0003F03E0343F0B4
:10920000885343F4302300970191029369462878EC
:10921000F9F7C2FD0028C0F2A8802B7801332B702B
:109220000134B44280F0A4802001039901EB0412C0
:10923000D3681B0D1B05B3F5000F5ED01DD8B3F529
:10924000001F3AD0B3F5800FC6D15768095893680C
:10925000202B4ED9B3F1004F4DD8013BB3FA83F325
:10926000C3F11F035B0003F03E0343F0E06343F4EC
:109270000033009701910293C8E7B3F1807F56D085
:10928000B3F1007FCCD1576809589368202B68D977
:10929000B3F1004F67D8013BB3FA83F3C3F11F0367
:1092A0005B0003F03E0343F4802300970191029397
:1092B000ACE70823A3E73E23A1E757680958936862
:1092C000202B12D9B3F1004F11D8013BB3FA83F32D
:1092D000C3F11F035B0003F03E0343F0885343F4E4
:1092E000002300970191029390E70823F5E73E23BE
:1092F000F3E70823B9E73E23B7E7576809589368AF
:10930000202B10D9B3F1004F0FD8013BB3FA83F3F0
:10931000C3F11F035B0003F03E0343F08273009729
:109320000191029372E70823F7E73E23F5E75768B8
:1093300009589368202B10D9B3F1004F0FD8013B87
:10934000B3FA83F3C3F11F035B0003F03E0343F062
:10935000887300970191029358E70823F7E73E23AB
:10936000F5E708239FE73E239DE76FF0150000E037
:10937000002005B0F0BD08B5F9F75EFD08BD08B5E1
:10938000F9F764FD08BD08B50B69496998470020E5
:1093900008BD08B5F9F7E8FD002008BD93781B0269
:1093A00003F4E06392F803C04FEA0C3C0CF4805CD9
:1093B00043EA0C0392F804C04FEA0C4C0CF4E02C86
:1093C00043EA0C0392F800C00CF0030C43EA0C03D0
:1093D00092F801C04FEA0C1C0CF0300C43EA0C036D
:1093E00092F805C04FEA0C5C0CF4801C43EA0C03B5
:1093F0009279120602F08072134300EB0110C0F85C
:109400001835704738B505460C460321A04700289B
:1094100006DB01212846A047002800DB002038BDDC
:1094200010F1860FFBD1F4E74800704750B344F2C7
:109430002802904236D843F6FF72904235D3A0F509
:109440007F533F3B292B33D8DFE803F028323232F9
:10945000153218323232321C32323232203232324B
:1094600032243232323232323232323232323232EA
:1094700032323232322800200870704701230B70DC
:109480000020704702230B700020704703230B70ED
:109490000020704704230B700020704705230B70D9
:1094A000002070476FF0150070476FF0150070478F
:1094B0006FF01500704708B5BFF35B8F50E8003FB1
:1094C0005A1C40E800210029F8D1BFF35B8F1BB183
:1094D0006FF00F03036608BDF9F794FDFBE708B5CD
:1094E0000838FFF7E8FF08BD08B540304FF0FF32FD
:1094F0004FF0FF33FDF70EF908BD10B504465030AC
:109500004FF0FF324FF0FF33FDF704F900B1206652
:10951000206E10BD38B584460D4600F1640E0C4631
:109520000FCCAEE80F002368CEF800300023CCF853
:1095300060302B6853B10CF178040FCB84E80F0036
:10954000CCF864400023ACF8883018B96046F9F7CD
:1095500059FD38BD0023BFF35B8F5CE8002F4CE85A
:1095600000310029F9D1BFF35B8F6046F9F7ACFEFB
:10957000EFE708B5836C03B108BD4030FDF786F80E
:10958000FAE710B50446436EFBB10846E36F43B1FA
:10959000B4F8882004F16401984701280DD002280E
:1095A0000ED0B4F88830B4F88420934212D201333C
:1095B000A4F8883000210B4604E00121002301E0DB
:1095C000002101234BB1A36F0BBB04F15000FDF749
:1095D0005DF810BD00210123F4E72046F9F724FDD2
:1095E000A36F1BB92046F9F70DFDF2E7BFF35B8FC0
:1095F00054E8003F5A1E44E800210029F8D1BFF387
:109600005B8F012BE5DD2046F9F7FCFCE1E704F177
:10961000080001F069FDD8E7034619B101290CD013
:1096200000207047D3F81804C0F300407AB1D3F893
:10963000183403F0030313607047D3F80C04C0F32D
:10964000004022B1D3F80C3403F0010313707047CB
:10965000006901EB410189003831084470474068D6
:1096600001EB410100EB810070470069C1EBC101D2
:1096700000EB8100704708B5C9B2FFF7E9FF8068C9
:1096800000F0070008BDEFF31182202383F3128856
:10969000BFF36F8F036813F0C00301D08B4207D173
:1096A00001230360002082F31188BFF36F8F70479E
:1096B0004FF0FF30F7E7EFF31182202383F3128896
:1096C000BFF36F8F036803F0C00C03F00703012B97
:1096D00008D08C4509D04FF0FF3082F31188BFF3DA
:1096E0006F8F704701600020F7E76FF07700F4E7B5
:1096F000EFF31182202383F31288BFF36F8F036887
:1097000003F0C00343F00203036082F31188BFF348
:109710006F8F7047F8B506460C46FFF799FF05684E
:109720004768002340F8083BFFF7E2FF1DB13A46C7
:1097300021463046A847F8BD70B506461546CCB25E
:109740002146FFF785FF29460830FFF79CFF0028D8
:1097500006DB21463046FFF782FF4368984700202A
:1097600070BD08B58022FFF7E7FF08BD2DE9F04185
:10977000064690461F46CDB22946FFF769FF0446CC
:1097800006990830FFF797FF002809DBC4F800802E
:10979000676029463046FFF762FF0368984700205C
:1097A000BDE8F08110B582B080240094FFF7DEFFA1
:1097B00002B010BD10B51446C9B2FFF756FF002124
:1097C000A04710BD08B50120FBF7AAFB08BD08B5EE
:1097D0000020FBF7A5FB08BD08B5012000F07CFCCC
:1097E00008BD08B5002000F077FC08BD08B520EAE8
:1097F000E070C117C90341EA5041C00340F2E733AA
:10980000C0184FF47A724FF0000341F10001F6F7EF
:1098100077FC01F0C4FB08BD08B51046FCF736FF25
:1098200008BD08B520EAE070C117C90341EA5041FC
:10983000C00340F2E733C0184FF47A724FF00003D0
:1098400041F10001F6F75CFC01F0A9FB08BD08B589
:1098500001F066FA00B108BD0220FFF7E2FFFAE767
:109860000B4639B11168196041688A4209D000235A
:10987000136070471368036041688A42F7D1436000
:10988000F5E74360F3E708B50A460368002101E005
:1098900019461B682BB19342FAD1FFF7E1FF012073
:1098A00000E0002008BD70B504460D46164603686A
:1098B00033B1FFF7E8FF70B91EB96FF0150006E08D
:1098C00032B123682B602560636843B1002070BD0E
:1098D0006FF01500FBE7002EF3D10020F7E765607D
:1098E0000020F4E770B50E461546016821B10C68FA
:1098F0003CB131B90C4604E00C4602E02346214657
:109900001C4671B18A682A4002D04B68304698479D
:10991000002CF3D02368002BF1D0002CEFD123468C
:10992000EDE770BD0069003818BF0120704710F0E6
:10993000100F04D110F0200F03D100207047032036
:10994000704701207047002070470020704743682F
:109950005B68D3F810350B60002070472DE9F041AB
:1099600005460C4643685F6802EA010821EA0206E0
:10997000FFF7EBFF002809DBC7F80885C7F80C657F
:109980004FF4003221462846FFF7DDFFBDE8F081A5
:1099900070B504460D4643685E68FFF7D6FF0028A1
:1099A00007DBC6F808554FF4003229462046FFF77A
:1099B000CAFF70BD70B504460D4643685E68FFF788
:1099C000C4FF002807DBC6F80C554FF400322946C7
:1099D0002046FFF7B8FF70BD2DE9F04105460C4663
:1099E00043685F68D7F8046521EA06080E40FFF770
:1099F000ACFF002809DBC7F80885C7F80C654FF4F1
:109A0000003221462846FFF79EFFBDE8F081B0F501
:109A1000800F07D0B1F1C06F0DD0B1F1007F08D039
:109A200001207047B1F1007F01D00520704704206C
:109A30007047022070470320704708B50069043062
:109A4000FFF731FF08BD10B500F01F044009F9F71A
:109A500073FF30B1014600690122A2400430FFF7D4
:109A600041FF10BD00B54368136001E00833136087
:109A7000136890F808C0D0F804E00EEBCC0C6345F6
:109A800005D293F805C08C45F0D1002001E06FF0BD
:109A900001005DF804FB08B511B9FAF711F908BD2A
:109AA000FAF7FAF8FBE738B513468568046912F44B
:109AB000801F07D012F4402F04D012F0010F01D004
:109AC00082F4402323F4801213F0010F0AD023689C
:109AD0004FF0010C0CFA01FC43EA0C0323602B68E5
:109AE000984738BD23684FF0010C0CFA01FC23EABB
:109AF0000C032360F3E708B503468C460068197928
:109B0000DA8842EA0C02FFF7CEFF08BD08B532B191
:109B1000012303FA01F18368DB68984708BD01233C
:109B200003FA01F183681B699847F7E710B50369E9
:109B30001C6801238B401C4202D0B2FA82F2520907
:109B4000FFF7E4FF10BD38B505460C460321A047DA
:109B5000002806DB01212846A047002800DB002062
:109B600038BD10F1860FFBD1F4E708B511B9FAF74B
:109B7000C9F908BDFAF7B2F9FBE730B404E00834DC
:109B800004600C68013C0C600C684CB104686568AA
:109B90009D42F4D3B5FBF3F515600368186801E046
:109BA0000020106030BC704770B5044615461E4654
:109BB0000A4609B30B68636303B35368A363334670
:109BC00004F1480204F1380104F13400FFF7D5FF35
:109BD0006064ADB12B68E363A3B16B682364334663
:109BE00004F1500204F1400104F13C00FFF7C5FF0D
:109BF000E0640023236370BD0B46DCE70023DDE750
:109C00002B46E8E70023E9E70368E3B110B5044613
:109C1000986870B171B91AB99A8812F4805F08D146
:109C2000186900F056FF23680022197B9868FFF737
:109C30007DFF10BD0122197BFFF778FF23681869AB
:109C400000F047FFF5E77047006901B9704708B5B4
:109C500000221146FFF7D8FF08BD10B504460122C7
:109C60000021FFF7D1FFA36903B110BD636004F1C8
:109C70001000FCF70BFDF8E710B504460069036817
:109C80008B420AD190F85C3053B9FFF7E6FF002110
:109C90002046FFF7D9FF002010BD6FF01500FBE74D
:109CA0006FF00F00F8E738B504460569296305F140
:109CB0002000FCF7EBFC002385F85C3001212046F6
:109CC000FFF7C2FF38BD08B503689B8813F4005F37
:109CD00000D008BD002343601030FCF7D7FCF8E744
:109CE00038B50446049DAB8813F4005F08D083693F
:109CF0004BB94368AB4201D0002302E0012300E0EE
:109D0000002313B138BD0023FBE704F110004FF02E
:109D1000FF324FF0FF33FCF7FDFC6560F2E710B552
:109D200084B00024029401940094FAF76FFB04B00D
:109D300010BD08B5002201210320FFF7E5F908BD99
:109D400010B582B0044601AAFFF78CFE002805DB9F
:109D5000019B226819791868F9F7C6FF02B010BD97
:109D600008B543680021586BFFF7EAFF002008BDE3
:109D7000012903D108B5FFF7F3FF08BD6FF0850097
:109D8000704700B583B00B460021019100910A464F
:109D9000FAF75EFC03B05DF804FBF8B504460F4625
:109DA00000F0C0FC054600223946204600F0B2FC17
:109DB00003213846FFF7E5FF00F0B3F806462368B5
:109DC0005B593BB900F0ADF8831B062BF7D96FF058
:109DD000730500E000253946204600F09FFC012174
:109DE0003846FFF7CEFF2846F8BD00B5A2F5807EC5
:109DF0004FEA9E0E4FF0010C0CFA0EFC1CEA010F0C
:109E00000DD0815809B900200AE000218150825804
:109E10001BB11A684CEA02021A60012000E000201F
:109E20005DF804FB70B582B006460D46002401942F
:109E300009E0A20001AB02F5A07229463046FFF707
:109E4000D4FF0134E4B2032CF3D915F0010F02D092
:109E5000D6F8003143B915F0020F02D0D6F804311C
:109E600063B9019802B070BD0023C6F80031D6F87E
:109E70000031019B43F001030193ECE70023C6F896
:109E80000431D6F80431019B43F002030193E8E763
:109E9000401A20F07F40704700F150039B009BB2B6
:109EA00003F1804303F588331868003818BF012098
:109EB000704700F150039B009BB203F1804303F510
:109EC000883300221A601B68704720F07F4070477B
:109ED000EFF31180202383F31288BFF36F8F704755
:109EE00080F31188BFF36F8F7047F0B585B00446DB
:109EF00017461D46FAF77AFC06469DF83030029365
:109F00000B9B01930A9B00933A462B462046FAF797
:109F10003BFD054631462046FAF7BEFC284605B013
:109F2000F0BD08B5FAF710FD08BD08B5FDF7B8FBA0
:109F300008BD08B5F8F706F8F8F704F9FFF7F5FFDC
:109F400008BD4FF08053D3F83031082B01D00020EA
:109F50007047012070474FF08053D3F83031082B01
:109F600001D000207047012070474FF08053D3F894
:109F70003021D3F83431082A01D000207047002B5B
:109F800004D8DFE803F0010001207047002070478B
:109F90004FF08053D3F83021D3F83431082A01D060
:109FA00000207047002B04D8DFE803F001000120F7
:109FB0007047002070474FF08053D3F83021D3F81A
:109FC0003431082A01D000207047002B04D8DFE884
:109FD00003F0010001207047002070474FF08053CC
:109FE000D3F83021D3F83431082A01D0002070474B
:109FF000002B04D8DFE803F00100012070470020A7
:10A0000070474FF08053D3F83031082B01D0002037
:10A010007047012070474FF08053D3F83021D3F8B8
:10A020003431082A01D000207047042B01D80020C9
:10A0300070470120704708B5FFF7EDFF38B14FF0CA
:10A040001023D3F808224FF08043C3F8582508BDE9
:10A0500008B5804708BD08B500F03BFD08BD0346C4
:10A0600019B101290CD000207047D3F81804C0F3AF
:10A0700000407AB1D3F8183403F00303136070473B
:10A08000D3F80C04C0F3004022B1D3F80C3403F031
:10A090000103137070470020704708B50020F8F7DF
:10A0A00087FD00B108BDFFF725F8FBE738B504468A
:10A0B0000368012B02D033B9012300E001231D46C0
:10A0C0001BB1284638BD0023F9E70020FAF7C2FE8D
:10A0D000FFF7E1FF2060F4E708B5FAF7BBFE08BD23
:10A0E00010B401F5A27150F8214024F44F3424F447
:10A0F000407440F8214050F82140120202F47C5292
:10A100001B0403F440331A43144340F8214010BCAD
:10A11000704710B401F5A27150F8214024F499144D
:10A1200024F4F85440F8214050F82140120202F47F
:10A130007C521B0403F440331A439DF804301B0582
:10A1400003F480131A43144340F8214010BC7047B5
:10A1500000B5A2F5807E4FEA9E0E4FF0010C0CFA7E
:10A160000EFC1CEA010F0DD0815809B900200AE04D
:10A170000021815082581BB11A684CEA02021A6011
:10A18000012000E000205DF804FBF0B583B0054637
:10A190000E4617460024019409E0E2B2920001AB9A
:10A1A00002F5807231462846FFF7D2FF0134BC42E7
:10A1B000F3D301AB4FF4BE7231462846FFF7C8FF18
:10A1C000019803B0F0BD00B583B00021019100916A
:10A1D0000B460122FAF756FF03B05DF804FB00B509
:10A1E00085B08DF80F100DF10F0301930021009140
:10A1F0000B460A46FAF76EFF05B05DF804FB38B56A
:10A200000D460079FBF72EF804462846FBF720F8A8
:10A21000083034F8100000F0010038BD38B50D46A4
:10A220000079FBF71FF804462846FBF711F80830C1
:10A2300034F81000C0F3401038BD38B50D46007931
:10A24000FBF710F804462846FBF702F8083034F80C
:10A25000100010F01C0018BF012038BD38B50D46A5
:10A260000079FAF7FFFF04462846FAF7F1FF0830B5
:10A2700034F81000C0F3400038BD38B504460D4630
:10A28000FFF7ECFF30B129462046FFF7C7FF18B1B2
:10A29000012000E0002038BD0020FCE708B5FFF7F2
:10A2A000DDFF80F00100C0B208BD7047704738B5CF
:10A2B0000D460079FAF7D6FF04462846FAF7C8FF9C
:10A2C000083034F81000400B38BD032894BF00203C
:10A2D0000120704770B506460D46002404E04FF09B
:10A2E000FF33AB4211D001342F2C0CD83079FAF760
:10A2F000B9FF04F1080330F8133013F4807FEED077
:10A30000C3F34323EDE7002000E0012070BD38B522
:10A3100004460D46FFF782FFB8B129462046FFF7F5
:10A32000BDFF90B129462046FFF7C1FF22680123F7
:10A330008340C2F80833226800F5A27052F820303A
:10A3400023F0030342F8203003E000212846FFF702
:10A3500046FF38BD38B504460D46FFF75FFF10B91C
:10A360004FF4BE7038BD29462046FFF7A0FF80009D
:10A3700000F5807080B2F5E7F8B506460F46154641
:10A380000024002C03DD4FF0FF342046F8BD307967
:10A39000FAF768FF50F83430BB4201D00134F0E7DF
:10A3A00000EBC4035B68AB42F8D1EEE738B50C466E
:10A3B0000079FAF757FF05462046FAF749FF0830BB
:10A3C00035F81030C3F38203042B09D0052B01D1DB
:10A3D000022006E02046FAF7DBFE18B1032000E079
:10A3E000032038BD0220FCE710B504460846FAF702
:10A3F0002FFF083034F8103013F4807F04D0C3F3FB
:10A40000432304EBC30010BD0020FCE770B50446F5
:10A410000E4615460079FAF725FF86602079FAF78F
:10A4200021FFC56070BD08B50079FAF71BFF90F8F1
:10A430008000003818BF012008BD70B504460D46E5
:10A4400016460368D3F80423002A03DB4FF00042CA
:10A45000C3F8042329462046FFF7E0FE00B329464F
:10A460002046FFF71BFFD8B129462046FFF71FFF04
:10A470002268830003F580739BB2002199509B589A
:10A48000226800F5A27152F8213043F0010342F82E
:10A4900021306EB1226801238340C2F8043307E003
:10A4A00029462046FFF782FF01462846FFF797FE20
:10A4B00070BDF8B504460D461646FFF795FF20B16E
:10A4C0000768426831462846B847A3681BB1E2686E
:10A4D000314628469847F8BDF8B507460E4614465B
:10A4E0001D461046FFF7F1FE60B9022D1DD0022176
:10A4F0003046FFF774FE032C1BD0022D17D0032D1E
:10A500001DD0F8BD224631463846FFF7D2FF30460F
:10A51000FAF752FEA842F4D100213046FFF75FFE61
:10A5200029463046FFF75BFEEBE70321E0E7012C0D
:10A53000E5D1224631463846FFF7BBFFE1E7022C62
:10A54000DFD1F6E710B50C460079FAF78BFE21460D
:10A550007430FAF739FC10BD70B505460846FAF7B5
:10A5600077FE04462879FAF77DFE04F1080330F8F7
:10A57000133013F4807F0BD0C3F34326083423F445
:10A58000F85320F8143031462846FFF7A3FE00B1F7
:10A5900070BD2879FAF766FE002340F83630287936
:10A5A000FAF760FE31467830FAF732FCF0E770B522
:10A5B00004460D46FFF732FE48B12668294620467C
:10A5C000FFF775FE00F5A270002346F820302946FB
:10A5D0002046FFF7C1FF2079FAF744FE04462846DB
:10A5E000FAF736FE0830002324F8103070BD10B59D
:10A5F0000C460079FAF736FE21467430FAF708FC6B
:10A6000010BD70B504460D461E4604984FF0000C70
:10A6100001E00CF1010C84450ED25FFA8CF292003D
:10A6200002F580719208012303FA02F21542F0D07C
:10A63000002363506358ECE7002D04DA0023C4F8CC
:10A640007C31D4F87C3144F30730FEF753FD0EB172
:10A65000C4F8045370BDF8B506460F46144618E01A
:10A6600094FAA4F3B3FA83F301229A4024EA020491
:10A6700003F5A27356F82350C5F3052556F82300B9
:10A68000C0F30140FFF711FE024629463846FFF7A6
:10A6900010FF002CE4D1F8BD70B505460E46D0F889
:10A6A0000413C9B2326F41F00041FFF76EFD041E82
:10A6B00005DB224631462846FFF7CDFF70BD314607
:10A6C0002846FAF7CDFF24F00044F2E708B5FAF780
:10A6D000D1FE08BD08B5FAF7C9FD08BD08B5FFF7FA
:10A6E00095FE08BD08B5FAF73DFE08BD08B5FAF7B6
:10A6F00091FF08BD08B5FFF796FE08BD08B5FAF74B
:10A700006FFF08BD08B5FFF772FF08BD08B5FFF77A
:10A7100019FF08BD08B5FFF790FE08BD08B5FFF7A3
:10A72000F6FD08BD08B5FFF715FE08BD4FF08053D4
:10A73000D3F83021D3F83431082A01D000207047F3
:10A74000002B04D8DFE803F001000120704700204F
:10A75000704710B50446FFF7E9FFB0B1D4F808051B
:10A76000D4F80C150023C4F800354FF0FF32C4F8BC
:10A770000825C4F80C250922C4F80025C4F80035C2
:10A78000C4F80805C4F80C1510BD0023C4F8003542
:10A79000FAE7003A18BF0122022909D003290AD09A
:10A7A000012902D0C0F85425704742F00202F9E7AF
:10A7B00042F00402F6E742F00602F3E738B5054638
:10A7C0000C4691F82430B3B909686268A368C0F8F0
:10A7D0000815C0F80C25C0F81035A369C0F86C3511
:10A7E000E16994F8202094F82130C0F81415C0F8DD
:10A7F0006825C0F86435237BC5F8C0352369C5F8E2
:10A800002435627D217D2846FFF7C3FF94F822306E
:10A81000C5F8603538BD70B4034611F4002002D08D
:10A82000D3F84C0138B911F0020F15D0D3F8044118
:10A830004CB9002411E00020C3F84C01D3F84C01BE
:10A840004FF40020EFE70024C3F80441D3F804419B
:10A8500040F00200012400E0002411F0400F11D06C
:10A86000D3F818510DB900250DE00025C3F8185193
:10A87000D3F8185140F040009AB1A4B1D3F83C5538
:10A88000254600E0002511F0100F02D0D3F810612A
:10A890005EB911F4807F02D0D3F82021AAB970BC30
:10A8A00070470025EFE70125EDE70026C3F81061AA
:10A8B000D3F8106140F01000002AEAD0002DE8D152
:10A8C000002CE6D0D3F83C25E3E70022C3F8202192
:10A8D000D3F8203140F48070E1E700B583B0002167
:10A8E000019100910B460122FAF726FF03B05DF8B3
:10A8F00004FBB0F1FF3F1CD0F0B583B004460D4619
:10A9000016461F4601290AD0002200230193009712
:10A91000334629462046FAF70FFF03B0F0BD089BE7
:10A920001BB1FAF731FF2A46EFE7FAF741FF2A4653
:10A93000EBE77047B0F1FF3F03D008B5FFF7CDFF5D
:10A9400008BD704708B50346006AB0F1FF3F06D066
:10A950009B7F13F0020F06D011B1FAF715FF08BD67
:10A96000FAF726FFFBE711B1FAF722FFF7E7FAF74C
:10A970000BFFF4E770B505460E46012343616424DE
:10A98000002202212846FFF746FF20B90120FFF7E9
:10A9900062FB013CF4D1002373772846FFF7D9FE10
:10A9A00070BD38B505460C4600212046FFF7CAFFAA
:10A9B000637F3BB900232372204650F8083B61684F
:10A9C000984738BD21462846FFF7D4FFF2E738B54F
:10A9D00005460C4601F10C024021FFF71CFF00B9AF
:10A9E00038BD21462846FFF7DCFFF9E70369C26856
:10A9F000934204D881688A1A1344581E7047981AE3
:10AA0000013870472DE9F843044688461646C56864
:10AA10008768A7EB0509914507D94068284400F0ED
:10AA200076FB3544E560BDE8F88340684A46284433
:10AA300000F06DFBED1B35442A4608EB0901606808
:10AA400000F065FBE560EEE72DE9F8430646884631
:10AA50001746C5684FF0000918E05B1B5A1EB36823
:10AA60005C1B944228BF1446BC4228BF3C46706819
:10AA700022464146284400F04AFBA144A0443F1B23
:10AA80002544B368AB4209D0F5604FB133699D42AC
:10AA9000E3D3B2685B1B1A44013AE0E70025F3E711
:10AAA0004846BDE8F88308B5FBF74CF908BD08B582
:10AAB000FFF7F9FF002008BDEFF31180202383F397
:10AAC0001288BFF36F8F704780F31188BFF36F8FC9
:10AAD000704700B9704708B5F8F774FA08BD60B15F
:10AAE000C3685A7812F0010F03D01B781BB1002005
:10AAF0007047002070470120704700207047EFF337
:10AB00001183202383F31288BFF36F8FFEE710B504
:10AB1000446803688BB12046984730B100280ADBAF
:10AB2000FF2800DDFF20E3681870E268537843F0E7
:10AB30000103537010BD4042F2E70020F5E708B56D
:10AB400000F0F3FA08BD08B500F0E1FA08BD70475F
:10AB50004169836841EA030212F0030F10D1002219
:10AB6000C2600269013A02FB013304E0C2681A6064
:10AB7000C36042699B1A82689A42F7D900207047E5
:10AB80006FF0150070470120704710B5044603614F
:10AB90004261816000238361FFF7DAFF002801DB57
:10ABA0002460646010BD2DE9F84304460D46FFF7AC
:10ABB000EAFFB0B104F10807EFF31186202383F315
:10ABC0001288BFF36F8FE368A3B1E3682B60E56081
:10ABD000A369013BA36186F31188BFF36F8FBDE8C2
:10ABE000F883002383F31188BFF36F8F0423184683
:10ABF00002DFF4E7D4F80080444517D0B8F100092B
:10AC000018BF4FF00109B8F1000F12D1B9F1000FD0
:10AC1000DBD00023C8F8AC30C8F81450404600F030
:10AC20001CF931463846FCF791F8D8E74FF0000898
:10AC3000E4E7D8F80420D8F8003013605A60002305
:10AC4000C8F80030C8F8043098F80D2022F002024D
:10AC500088F80D20C8F8083008F1180000F0FDF958
:10AC6000D4E708B5EFF31183202383F31288BFF3F1
:10AC70006F8FFEF75CFAF5E700BF7047884200DA95
:10AC8000014611F17F0F01DB084670476FF07E002F
:10AC9000704708B5806890F90E308B4201D10020D2
:10ACA00008BDFBF7E5FFFBE7034600209860D8608E
:10ACB0001B605B6070473AB18A4208D38160C26012
:10ACC00000604060002070476FF0150070476FF023
:10ACD00015007047F8B50546D31D23F007037F33F1
:10ACE00023F03F0301F14007A3F140063F2B07D8B3
:10ACF000002282F31188BFF36F8F0422104602DF17
:10AD0000CC1821462846F7F715FB073020F007003E
:10AD1000C5F89470C5F89860C5F89C00201AF8BD75
:10AD2000EFF30580003818BF01207047743070477A
:10AD300010B400248460037342738173C47384610C
:10AD4000C46110BC7047F0B587B00446129E139DD5
:10AD500000270597109F04970F9F03970E9F029758
:10AD60000D9F01970C9F0097FBF750FDB5F1FF3F3A
:10AD700008BFB6F1FF3F02D1204607B0F0BD324612
:10AD80002B462046FBF722FDF6E70020704738B53A
:10AD900004460D46FBF714FE637B43F00203637326
:10ADA00035B3A5602B689D420DD100230BE05A6896
:10ADB0006260236014605C601AE01A4669688A4227
:10ADC0000FD01B687BB173B194F90E1093F90E206C
:10ADD0009142F2D0521A002AE9DC1A46002BEDD13A
:10ADE000F0E70023EEE76B68256063601C606C6031
:10ADF00038BD08B5183000F030F908BD70B506460A
:10AE0000046884421AD0DCB16268236813605A6017
:10AE1000002525606560637B23F002036373A560F2
:10AE200004F1180000F019F9C4F8AC502046FBF703
:10AE300069FD3468A642E6D10024E4E70024E2E795
:10AE400070BD70B5044616461D46FFF7A0FF32469A
:10AE50002B462046FBF77CFE70BD38B50446002328
:10AE6000EFF31185202282F31288BFF36F8F04E085
:10AE700085F31188BFF36F8F012343B92046FFF795
:10AE800084FF0028F4D12046FBF73CFDF0E738BDF5
:10AE90000023EFF31181202282F31288BFF36F8F1A
:10AEA00010E04268036813605A6000230360436047
:10AEB000427B22F002024273836081F31188BFF368
:10AEC0006F8F01231BB98368002BEAD1F5E7704728
:10AED00038B504460023EFF31185202282F312884F
:10AEE000BFF36F8F0BE0637B23F004036373204693
:10AEF000FBF708FD85F31188BFF36F8F01239BB922
:10AF0000637B13F0280FF5D1A368002BEBD06268A8
:10AF1000236813605A60002323606360627B22F021
:10AF200002026273A360DEE738BD08B5012118385C
:10AF3000FFF7CEFF08BD01460023EFF3118C20225E
:10AF400082F31288BFF36F8F184605E000208CF360
:10AF50001188BFF36F8F01238BB908688142F5D048
:10AF60000028F4D04268036813605A60002303602D
:10AF70004360427B22F0020242738360E7E770473E
:10AF800008B5EFF31180202383F31288BFF36F8F8E
:10AF9000FBF7F2FE08BD031D43608360704738B5C0
:10AFA00005460C46FBF7A6FFB4F1FF3F08BFB5F11D
:10AFB000FF3F1BD0C217510141EAD06143011B1A68
:10AFC00061EB0201890041EA93719B001B1842EB7F
:10AFD0000102D20042EA5372DB0047F6FF715818B3
:10AFE00042F10002C00B40EA424038BD4FF0FF3052
:10AFF000FBE710B50446FCF777F948B10246036950
:10B00000416920691B18606941EB000113615161BE
:10B010006268236813605A6000232360636010BD78
:10B0200010B5FCF757F90446FCF76AF97CB12369BF
:10B0300062691B1A62EBE072B3F1004F72F100011A
:10B0400008DA002A01DB184610BD0023FBE76FF089
:10B050000040F9E76FF00040F6E7F8B5044600233A
:10B06000EFF31187202282F31288BFF36F8F6FF006
:10B0700015000AE0FFF7D4FF0021F9F787FD3046FD
:10B0800087F31188BFF36F8F01231E4663B92368CE
:10B09000002BF5D0FCF71EF905462046FFF7A9FF67
:10B0A000A542E7D03046EBE7F8BD08B5FCF71CFA3F
:10B0B00008BD08B5FCF718FA08BD08B5EFF3118014
:10B0C000202383F31288BFF36F8FFBF755FE08BD73
:10B0D000016242620023036300F118028261C261CF
:10B0E000036043604363704710B50446FFF7B5FF44
:10B0F00060B9636A0BB12046984704F11800FFF766
:10B100001AFF18B1FFF7A9FEFFF7D7FF10BD0A44D9
:10B11000914200F1FF3300D1704710B511F8014B97
:10B1200003F8014F9142F9D110BD02440346934206
:10B1300000D1704703F8011BF9E710B50139044647
:10B1400032B111F8013F00F8013B013A002BF7D171
:10B150000021FFF7EAFF204610BD10B5024601446A
:10B160008A42134603D01C780132002CF8D1181AF9
:10B1700010BDF0B5C3F137070446FFB203F01F035B
:10B180001046082BE6B233D0102B3ED06508A40839
:10B1900044EA817445EAC1752D194FEA910242EBE8
:10B1A0005102290941EA02716D1842EB1212290A73
:10B1B00041EA02616D1842EB1222290C41EA024178
:10B1C0006D1842EB1242AD1842F10002EC0844EA5D
:10B1D0004274D10804EB8402A6EB4205EDB2092DBE
:10B1E0000CD90134A5F10A0541F10001EDB212E0DC
:10B1F000E40844EA417406F00705C908303554EA0A
:10B20000010200F8015BBCD1F0BD240944EA0174DD
:10B2100006F00F050909092D84BFED19EDB2EDE720
:10B22000D1E9043293421EBF5A1C0A61187070475C
:10B23000014800687047000058140020F84EFF7F56
:10B2400001000000B52F00000000000031370000B1
:10B25000BCB20000AFAA000000000000596400006A
:10B2600000000000F53B0000E4B20000F53B0000E8
:10B27000D0B20000F5370000000000002B9F000056
:10B2800000000000354A0000000000000D1300001F
:10B2900000000000912F000000000000339F00001C
:10B2A000000000002D340000F8B20000D545000079
:10B2B0000CB30000813E000020B3000004C1000078
:10B2C00034C1000008B50000EE0600208C140020F8
:10B2D0004CC100006CC10000C0B40000F0060020AA
:10B2E000E01400205CC1000084C10000C0B4000074
:10B2F000F2060020EC140020D8C00000000000007E
:10B30000B4B40000EC0600200000000090C3000070
:10B31000B0C3000000B50000F6060020980500202C
:10B32000A4C1000000000000E4B40000F406002006
:10B33000F8140020FD4F000051A0000000000000A4
:10B34000159100000000000015910000CD5C000088
:10B3500051A0000000000000159100000000000056
:10B36000159100002557000051A00000F8B2000020
:10B37000793400000000000015910000000000007A
:10B380001591000000000000159100000000000071
:10B390001591000020B30000C13E00000000000035
:10B3A0001591000000000000159100000000000051
:10B3B0001591000000000000159100000000000041
:10B3C0004D4B00000000000015910000000000003F
:10B3D0001591000000000000159100000000000021
:10B3E0001591000000000000159100000000000011
:10B3F0001591000000000000159100000000000001
:10B4000015910000000000001591000000000000F0
:10B4100015910000000000001591000000000000E0
:10B4200015910000000000001591000000000000D0
:10B4300015910000000000001591000000000000C0
:10B4400015910000000000001591000000000000B0
:10B4500015910000000000001591000000000000A0
:10B460001591000000000000159100000000000090
:10B470001591000000000000159100000000000080
:10B480001591000000000000159100000000000070
:10B490001591000000000000159100000000000060
:10B4A0001591000000000000159100000000000050
:10B4B00015910000A930000001340000580200007E
:10B4C000353A00004F9900005D9900009199000005
:10B4D000B5990000D9990000553900003B9A000049
:10B4E000000000000000000000000000000000005C
:10B4F000013E0000C53D000000000000000000000B
:10B500001F9D0000799C0000F93600006397000041
:10B51000A5970000000000007796000000000000E2
:10B5200000000000E8C000000300000010B80000A8
:10B530000300000024C10000030000005CB700000D
:10B540000300000050B800000300000054B80000E1
:10B550000300000000BF00000300000060C5000001
:10B560000300000080BF000003000000A0C3000033
:10B5700003000000B4C1000003000000BCB90000DB
:10B58000F80E0020ACB9000001000000040000002B
:10B590000F00000001000000080000002000000073
:10B5A00060000000700000000D0000000C000000B2
:10B5B0000E0000005000000074000000A800000011
:10B5C000FFFFFFFFFFFFFFFFFFFFFFFFFFFFFFFF8B
:10B5D00000000050000300500000000000000000C8
:10B5E0000338FDD8704700004849474820284C459B
:10B5F0004420666F72636564204F4E29000000008E
:10B600004C4F572028626C696E6B206D6F64652902
:10B61000000000004750494F73206E6F7420726520
:10B6200061647920284C4544206F72206D61676EFB
:10B63000657420696E707574290000004661696C3C
:10B64000656420746F20636F6E666967757265202C
:10B650004C45443020282564290000004661696C6F
:10B66000656420746F20636F6E666967757265200C
:10B670004D41475F494E54202825642900000000B1
:10B680004A75787461352D3820626C696E6B206262
:10B6900072696E672D7570207374617274656400D1
:10B6A0004265686176696F723A20323030206D737E
:10B6B00020626C696E6B207768656E204D41475F34
:10B6C000494E54206C6F772C20736F6C6964204F47
:10B6D0004E207768656E204D41475F494E54206883
:10B6E000696768004C454430207261772064726954
:10B6F0007665206F6E205025642E25303264000060
:10B700006770696F5F70696E5F6765745F647428E6
:10B710004D41475F494E5429206661696C6564203C
:10B72000282564292C207573696E672048414C20B8
:10B7300066616C6C6261636B000000004D41475FA5
:10B74000494E54206973202573000000E4B20000C4
:10B7500019000100E4B20000090000006A75787465
:10B7600061355F385F626C696E6B000028756E73BF
:10B7700069676E6564292063686172202A20757389
:10B78000656420666F722025257020617267756D73
:10B79000656E742E2049742773207265636F6D6D1A
:10B7A000656E64656420746F2063617374206974CE
:10B7B00020746F20766F6964202A2062656361754A
:10B7C0007365206974206D617920636175736520EC
:10B7D0006D69736265686176696F7220696E206356
:10B7E00065727461696E20636F6E666967757261F8
:10B7F00074696F6E732E20537472696E673A2225D6
:10B80000732220617267756D656E743A256400005D
:10B8100063627072696E74665F7061636B616765A5
:10B82000000000006C6F6767696E670048080020C1
:10B8300000010000B98D0000238D0000020000000F
:10B84000CD8F00000000000000000000000000009C
:10B850006C6F67006C6F675F6D676D740000000050
:10B860004D65737361676520282225732229206442
:10B87000726F7070656420626563617573652069BD
:10B880007420657863656564732073697A65206CDC
:10B89000696D69746174696F6E20282575290000CF
:10B8A0004D6573736167652064726F7070656420A5
:10B8B0006265636175736520697420657863656589
:10B8C00064732073697A65206C696D697461746949
:10B8D0006F6E2028257529005B2530386C755D203A
:10B8E000000000005B253032753A253032753A256C
:10B8F0003032752E253033752C253033755D2000A0
:10B900001B5B306D000000002573000025732E00C6
:10B9100025733A20000000003C25733E2000000003
:10B9200025732F0025732000253032782000000079
:10B93000202020007C00000025630000206D65733E
:10B9400073616765732064726F70706564202D2D5C
:10B950002D0D0A1B5B306D001B5B313B33316D2DB0
:10B960002D2D20001B5B313B33316D001B5B313BC8
:10B9700033336D006572720077726E00696E660017
:10B98000646267000000000064B900006CB9000048
:10B9900000000000000000000000000074B900007A
:10B9A00078B900007CB9000080B900006C6F675F57
:10B9B0006261636B656E645F72747400011F0000E6
:10B9C000F11E0000ED1D0000D11D00000000000070
:10B9D000051E000000000000751E0000000F002082
:10B9E000100F0020100000002A2A2A20426F6F74D6
:10B9F000696E67206E524620436F6E6E65637420D9
:10BA000053444B2076332E302E322D38396261313B
:10BA100032393461633962202A2A2A0A0000000080
:10BA20002A2A2A205573696E67205A6570687972D0
:10BA3000204F532076342E302E39392D6637393148
:10BA40006334396634393263202A2A2A0A00000016
:10BA5000000000008D9000006D757465785F696E60
:10BA600069742063616C6C65642077697468204E2A
:10BA7000554C4C20706172616D65746572000000F8
:10BA8000436F756C64206E6F7420616C6C6F6361C2
:10BA90007465206D75746578206265666F726520C7
:10BAA000696E697469616C697A696E67000000008B
:10BAB00080050020780500207005002000000000AF
:10BAC00068050020BD20000061200000FD1F00006F
:10BAD000A51F000072302F61313A202030782530C8
:10BAE0003878202072312F61323A2020307825308A
:10BAF0003878202072322F61333A20203078253078
:10BB00003878000072332F61343A202030782530A5
:10BB10003878207231322F69703A20203078253001
:10BB20003878207231342F6C723A202030782530EA
:10BB30003878000020787073723A202030782530F1
:10BB4000387800004661756C74696E6720696E73A1
:10BB50007472756374696F6E206164647265737367
:10BB600020287231352F7063293A203078253038FB
:10BB700078000000556E68616E646C6564204952FF
:10BB8000516E3A2025640000535053454C20696E95
:10BB900020746872656164206D6F646520646F65F0
:10BBA00073206E6F7420696E6469636174652050E0
:10BBB000535000002A2A2A2A2A205553414745205B
:10BBC0004641554C54202A2A2A2A2A00202044691A
:10BBD000766973696F6E206279207A65726F0000F2
:10BBE0002020556E616C69676E6564206D656D6FB0
:10BBF00072792061636365737300000020204E6FCB
:10BC000020636F70726F636573736F7220696E73F8
:10BC10007472756374696F6E730000002020496C44
:10BC20006C6567616C206C6F6164206F662045589D
:10BC3000435F52455455524E20696E746F205043F5
:10BC4000000000002020496C6C6567616C207573F2
:10BC500065206F66207468652045505352000000CF
:10BC60002020417474656D707420746F2065786550
:10BC70006375746520756E646566696E65642069B8
:10BC80006E737472756374696F6E00002A2A2A2AB3
:10BC90002A204465627567206D6F6E69746F72202B
:10BCA000657863657074696F6E202A2A2A2A2A00D3
:10BCB0005265736572766564204578636570746952
:10BCC0006F6E20280000000053707572696F7573E5
:10BCD00020696E7465727275707420284952512003
:10BCE000000000002A2A2A2A2A20257320256429F8
:10BCF000202A2A2A2A2A00002A2A2A2A2A204255C9
:10BD000053204641554C54202A2A2A2A2A00000052
:10BD10002020537461636B696E67206572726F7265
:10BD2000000000002020556E737461636B696E67BC
:10BD3000206572726F720000202050726563697313
:10BD400065206461746120627573206572726F7220
:10BD50000000000020204246415220416464726588
:10BD600073733A2030782578000000002020496D58
:10BD700070726563697365206461746120627573B4
:10BD8000206572726F7200002020496E73747275A4
:10BD90006374696F6E20627573206572726F7200D2
:10BDA0002020466C6F6174696E672D706F696E74C8
:10BDB000206C617A79207374617465207072657388
:10BDC0006572766174696F6E206572726F720000C1
:10BDD0002A2A2A2A2A204D5055204641554C5420C3
:10BDE0002A2A2A2A2A0000002020537461636B69E2
:10BDF0006E67206572726F722028636F6E7465784B
:10BE0000742061726561206D6967687420626520C5
:10BE10006E6F742076616C69642900002020446193
:10BE20007461204163636573732056696F6C61743C
:10BE3000696F6E0020204D4D46415220416464726E
:10BE40006573733A20307825780000002020496E11
:10BE5000737472756374696F6E2041636365737385
:10BE60002056696F6C6174696F6E00002A2A2A2A55
:10BE70002A2048415244204641554C54202A2A2A1F
:10BE80002A2A00002020427573206661756C742098
:10BE90006F6E20766563746F72207461626C6520CA
:10BEA00072656164000000002020446562756720AF
:10BEB0006576656E7400000020204661756C742004
:10BEC000657363616C6174696F6E202873656520AA
:10BED00062656C6F77290000415243485F455843C3
:10BEE000455054207769746820726561736F6E20C5
:10BEF00025780A00C00400200000000000000B06A6
:10BF00006D7075004661696C656420746F20616CAA
:10BF10006C6F63617465206E6577204D505520729B
:10BF20006567696F6E2025750A00000050617274A4
:10BF30006974696F6E2025753A2073616E69747932
:10BF400020636865636B206661696C65642E000020
:10BF50000200000068BF0000464C4153485F3000BB
:10BF60005352414D5F3000000000000058BF0000F8
:10BF7000260002070000002060BF000022000B1115
:10BF8000736F630053656C6563746564204144435B
:10BF9000206761696E206973206E6F742076616C12
:10BFA0006964000053656C656374656420414443B3
:10BFB000207265666572656E6365206973206E6FB9
:10BFC000742076616C69640053656C6563746564A4
:10BFD00020414443206163717569736974696F6EB0
:10BFE0002074696D65206973206E6F742076616CB2
:10BFF00069640000414443207265736F6C75746915
:10C000006F6E2076616C7565202564206973206EE3
:10C010006F742076616C6964000000004F76657271
:10C0200073616D706C696E672069732073757070D1
:10C030006F7274656420666F722073696E676C65D9
:10C04000206368616E6E656C206F6E6C7900000015
:10C050004F76657273616D706C696E672076616C86
:10C060007565202564206973206E6F742076616C7D
:10C070006964000050726F76696465642062756659
:10C0800066657220697320746F6F20736D616C6CCC
:10C09000202825752F25752900000000496E76613E
:10C0A0006C69642073656C656374696F6E206F667C
:10C0B000206368616E6E656C730000004368616E9A
:10C0C0006E656C202575206E6F7420636F6E6669D7
:10C0D000677572656400000061646340343030301D
:10C0E00037303030000000006164635F6E72667844
:10C0F0005F73616164630000213500000135000059
:10C1000000000000636C6F636B40343030303030BF
:10C11000303000006866636C6B0000006C66636C16
:10C120006B000000636C6F636B5F636F6E74726FA4
:10C130006C00000089350000F935000014C10000D2
:10C14000CF970000E39700001CC100006770696F83
:10C150004035303030303330300000006770696F68
:10C16000403530303030303030000000FFFF00000C
:10C1700000030050000000000100000000600040CB
:10C1800000000000FFFFFFFF000000500000000063
:10C1900000000000006000400000000000010203F9
:10C1A0000405060774656D704034303030633030FC
:10C1B0003000000074656D705F6E726635000000BF
:10C1C00054696D656F75742077616974696E672055
:10C1D000666F72207472616E7366657220636F6D34
:10C1E000706C65746500000048616C662D64757044
:10C1F0006C6578206E6F7420737570706F727465E3
:10C2000064000000536C617665206D6F6465206981
:10C2100073206E6F7420737570706F727465642014
:10C220006F6E2025730000004C6F6F706261636B4E
:10C23000206D6F6465206973206E6F742073757054
:10C24000706F727465640000576F72642073697A4E
:10C250006573206F74686572207468616E20382081
:10C260006269747320617265206E6F7420737570DB
:10C27000706F7274656400004672657175656E63F7
:10C28000696573206C6F776572207468616E203108
:10C290003235206B487A20617265206E6F7420738E
:10C2A0007570706F72746564000000004661696C9F
:10C2B000656420746F20696E697469616C697A6560
:10C2C000206E726678206472697665723A20253035
:10C2D0003878000055706461746520657863656521
:10C2E00064732063757272656E742062756666652C
:10C2F0007200000057616974696E6720666F722072
:10C3000057414B452061636B6E6F776C6564676D59
:10C31000656E742074696D6564206F75740000002B
:10C320004353204750494F20706F7274202573206B
:10C3300070696E202564206973206E6F74207265A9
:10C34000616479004661696C656420746F20616C7A
:10C350006C6F63617465204750494F544520636892
:10C36000616E6E656C20666F722057414B45000010
:10C370004661696C656420746F20636F6E666967DF
:10C380007572652057414B452070696E00000000B2
:10C39000737069403430303033303030000000008A
:10C3A0007370695F6E7266785F7370696D0000000C
:10C3B000003000400000000000127A000000000081
:10C3C0000000000000000000FFFFFFFF0000FF0072
:10C3D000000000000000000101000000339D00008B
:10C3E000FFFF0000F4C30000FFFFFFFF000000009C
:10C3F000000000000030004000C400000100000008
:10C4000008C40000030000000C000004290000051F
:10C4100008000006D0B200000D000100D0B20000FC
:10C420000600010000203030303030303030303005
:10C430003030303000010000000100005465726DA2
:10C44000696E616C000000000000000000005454A0
:10C4500052205245474745530000000043505520A5
:10C46000657863657074696F6E000000556E686171
:10C470006E646C656420696E7465727275707400A8
:10C48000537461636B206F766572666C6F77000022
:10C490004B65726E656C206F6F7073004B65726ECA
:10C4A000656C2070616E696300000000556E6B6EF4
:10C4B0006F776E206572726F72000000756E6B6E22
:10C4C0006F776E0048616C74696E6720737973745E
:10C4D000656D00003E3E3E205A4550485952204668
:10C4E0004154414C204552524F522025643A202558
:10C4F00073206F6E20435055202564004661756C93
:10C500007420647572696E6720696E7465727275E5
:10C5100070742068616E646C696E670A00000000C8
:10C5200043757272656E74207468726561643A2036
:10C53000257020282573290069646C6500000000BF
:10C540006D61696E0000000044B2000044B200005A
:10C5500084B200008CB20000BCB20000BCB200008B
:10C560006F730000FF8FFFFFFF8FFFFFFE8FFFFF46
:10C57000FE8FFFFFFD8FFFFFFC8FFFFFFC8FFFFF94
:10C580006D757465785F667265652063616C6C6556
:10C59000642077697468204E554C4C20706172613C
:10C5A0006D6574657200000043616E277420696ECA
:10C5B000697469616C697A65206D757465782C2081
:10C5C000776173204E554C4C0D0A0000436F756C1B
:10C5D00064206E6F74206C6F636B20706F77657270
:10C5E0002073617665206D757465780000202020C9
:10C5F0002020202020202828282828202020202013
:10C6000020202020202020202020202020881010E2
:10C61000101010101010101010101010100404043E
:10C6200004040404040404101010101010104141FC
:10C6300041414141010101010101010101010101EA
:10C6400001010101010101011010101010104242FE
:10C6500042424242020202020202020202020202BA
:10C66000020202020202020210101010200000005A
:10C6700000000000000000000000000000000000BA
:10C6800000000000000000000000000000000000AA
:10C69000000000000000000000000000000000009A
:10C6A000000000000000000000000000000000008A
:10C6B000000000000000000000000000000000007A
:10C6C000000000000000000000000000000000006A
:10C6D000000000000000000000000000000000005A
:10C6E00000000000000000000000000000286E753F
:0CC6F0006C6C29002A666C6F61742A00D3
:10C704000000000000000000000000000000000025
:10C714002975000000000000000000000000000077
:10C72400E0040020E0040020DF940000000000008A
:10C7340000000000000000000000000000000000F5
:10C74400000500200005002000000000010000009A
:10C75400100500201005002000000000010000006A
:10C7640000000000000000000000000000000000C5
:10C7740000000000000000000000000000000000B5
:10C7840000000000000000000000000000000000A5
:10C794000000000000000000000000000000000095
:10C7A400B5830000438D0000480700203A000000D4
:10C7B4005C0700203A000000340700203A00000023
:10C7C400700700203A00000000000000939300006E
:10C7D4000000000000000000000000000000000055
:10C7E40014C4000002000000A8050020A8050020D1
:10C7F4000000000001000000B8050020B80500207A
:10C804000000000001000000000000000000000023
:10C814000000000000000000000000000000000014
:10C824000000000000000000000000000CB3000045
:10C8340000000000000000002C150020241500203A
:10C8440000000000000000000000000000000000E4
:10C8540000000000000000000000000000000000D4
:10C8640000000000000000000000000000000000C4
:10C8740000000000000000000000000000000000B4
:10C8840000000000000000000000000000000000A4
:10C894000000000000000000000000000000000094
:10C8A4000000000000000000000000000000000084
:10C8B40008000000FF00000000000000030000006A
:10C8C4000000000084060020840600200000000010
:10C8D400D9760000D0060020C8060020C00600203B
:10C8E40000000000B8060020F57700004177000042
:10C8F40075770000BD770000A81500203A00003AC3
:10C90400AC1500203A00003AB01500203A00003A75
:10C91400B41500203A00003AE0060020A4060020E6
:10C924009C060020980600209406002000000000C9
:10C9340000000000000000000000000000000000F3
:10C9440000000000000000000000000000000000E3
:10C9540000000000000000000000000000000000D3
:10C9640000000000000000000000000000000000C3
:10C9740000000000340700203407002000000000FD
:10C98400000000000E0000004807002048070020B7
:10C9940000000000000000000E0000005C07002002
:10C9A4005C07002000000000000000000E000000F2
:10C9B4007007002070070020000000000000000045
:10C9C4000E000000840700208407002000000000FF
:08C9D4000100000015E015E070
:00000001FF
